Log: Log file open, 10/01/26 21:43:33
Init: Name subsystem initialized
Init: Detected: Microsoft Windows NT 6.2 (Build: 9200)
Init: Version: 3016 (123.0)
Init: Compiled: May 14 2016 20:42:29
Init: Command line: -NoBind
Init: Base directory: C:\Users\Shane\Documents\GitHub\Interface\System\
Init: Character set: Unicode
Warning: Build label absent!
Log: Bound to Core.dll
Init: Object subsystem initialized
Init: Computer: ASTRALIS
Init: User: Shane
Init: CPU Page size=4096, Processors=16
Init: CPU Detected: Unknown processor (AuthenticAMD)
Init: CPU Features: CMov FPU RDTSC PAE MMX SSE
Init: CPU Speed=4207.820945 MHz
Init: Memory total: Phys=2097151K Pagef=4194303K Virt=2097024K
Init: Working set: 32000 / 159000
Log: Bound to Editor.dll
Log: Bound to Engine.dll
Log: Executing Class Editor.MakeCommandlet
Log: Unreal file tag: -1641380927
Warning: Failed to load 'Core': Can't find file for package 'Core'
Log: Unreal file tag: -1641380927
Warning: Failed to load 'Core': Can't find file for package 'Core'
Log: Unreal file tag: -1641380927
Warning: Failed to load 'Core': Can't find file for package 'Core'
Log: Unreal file tag: -1641380927
Warning: Failed to load 'Core': Can't find file for package 'Core'
Log: Unreal file tag: -1641380927
Warning: Failed to load 'Core': Can't find file for package 'Core'
Log: Unreal file tag: -1641380927
Warning: Failed to load 'Core': Can't find file for package 'Core'
Log: Unreal file tag: -1641380927
Warning: Failed to load 'Core': Can't find file for package 'Core'
Log: Unreal file tag: -1641380927
Warning: Failed to load 'Core': Can't find file for package 'Core'
Log: Unreal file tag: -1641380927
Warning: Failed to load 'Core': Can't find file for package 'Core'
Log: Unreal file tag: -1641380927
Warning: Failed to load 'Core': Can't find file for package 'Core'
Log: Unreal file tag: -1641380927
Warning: Failed to load 'Core': Can't find file for package 'Core'
Log: Unreal file tag: -1641380927
Warning: Failed to load 'Core': Can't find file for package 'Core'
Log: Unreal file tag: -1641380927
Warning: Failed to load 'Core': Can't find file for package 'Core'
Log: Unreal file tag: -1641380927
Warning: Failed to load 'Core': Can't find file for package 'Core'
Log: Unreal file tag: -1641380927
Warning: Failed to load 'Core': Can't find file for package 'Core'
Log: Unreal file tag: -1641380927
Warning: Failed to load 'Core': Can't find file for package 'Core'
Log: Unreal file tag: -1641380927
Warning: Failed to load 'Core': Can't find file for package 'Core'
Log: Unreal file tag: -1641380927
Warning: Failed to load 'Core': Can't find file for package 'Core'
Log: Unreal file tag: -1641380927
Warning: Failed to load 'Core': Can't find file for package 'Core'
Log: Unreal file tag: -1641380927
Warning: Failed to load 'Core': Can't find file for package 'Core'
Log: Unreal file tag: -1641380927
Warning: Failed to load 'Core': Can't find file for package 'Core'
Log: Unreal file tag: -1641380927
Warning: Failed to load 'Core': Can't find file for package 'Core'
Log: Unreal file tag: -1641380927
Warning: Failed to load 'Core': Can't find file for package 'Core'
Log: Unreal file tag: -1641380927
Warning: Failed to load 'Core': Can't find file for package 'Core'
Log: Unreal file tag: -1641380927
Warning: Failed to load 'Core': Can't find file for package 'Core'
Log: Unreal file tag: -1641380927
Warning: Failed to load 'Core': Can't find file for package 'Core'
Log: Unreal file tag: -1641380927
Warning: Failed to load 'Core': Can't find file for package 'Core'
Log: Unreal file tag: -1641380927
Warning: Failed to load 'Core': Can't find file for package 'Core'
Log: Unreal file tag: -1641380927
Warning: Failed to load 'Core': Can't find file for package 'Core'
Log: Unreal file tag: -1641380927
Warning: Failed to load 'Core': Can't find file for package 'Core'
Log: Unreal file tag: -1641380927
Warning: Failed to load 'Core': Can't find file for package 'Core'
Log: Unreal file tag: -1641380927
Warning: Failed to load 'Core': Can't find file for package 'Core'
Log: Unreal file tag: -1641380927
Warning: Failed to load 'Core': Can't find file for package 'Core'
Log: Unreal file tag: -1641380927
Warning: Failed to load 'Core': Can't find file for package 'Core'
Log: Unreal file tag: -1641380927
Warning: Failed to load 'Core': Can't find file for package 'Core'
Log: Unreal file tag: -1641380927
Warning: Failed to load 'Core': Can't find file for package 'Core'
Log: Unreal file tag: -1641380927
Warning: Failed to load 'Core': Can't find file for package 'Core'
Log: Unreal file tag: -1641380927
Warning: Failed to load 'Core': Can't find file for package 'Core'
Log: Unreal file tag: -1641380927
Warning: Failed to load 'Core': Can't find file for package 'Core'
Log: Unreal file tag: -1641380927
Warning: Failed to load 'Core': Can't find file for package 'Core'
Log: Unreal file tag: -1641380927
Warning: Failed to load 'Core': Can't find file for package 'Core'
Log: Unreal file tag: -1641380927
Warning: Failed to load 'Core': Can't find file for package 'Core'
Log: Unreal file tag: -1641380927
Warning: Failed to load 'Core': Can't find file for package 'Core'
Log: Unreal file tag: -1641380927
Warning: Failed to load 'Core': Can't find file for package 'Core'
Log: Unreal file tag: -1641380927
Warning: Failed to load 'Core': Can't find file for package 'Core'
Log: Unreal file tag: -1641380927
Warning: Failed to load 'Core': Can't find file for package 'Core'
Log: Unreal file tag: -1641380927
Warning: Failed to load 'Core': Can't find file for package 'Core'
Log: Unreal file tag: -1641380927
Warning: Failed to load 'Core': Can't find file for package 'Core'
Log: Unreal file tag: -1641380927
Warning: Failed to load 'Core': Can't find file for package 'Core'
Log: Unreal file tag: -1641380927
Warning: Failed to load 'Core': Can't find file for package 'Core'
Log: Unreal file tag: -1641380927
Warning: Failed to load 'Core': Can't find file for package 'Core'
Log: Unreal file tag: -1641380927
Warning: Failed to load 'Core': Can't find file for package 'Core'
Log: Unreal file tag: -1641380927
Warning: Failed to load 'Core': Can't find file for package 'Core'
Log: Unreal file tag: -1641380927
Warning: Failed to load 'Core': Can't find file for package 'Core'
Log: Unreal file tag: -1641380927
Warning: Failed to load 'Core': Can't find file for package 'Core'
Log: Unreal file tag: -1641380927
Warning: Failed to load 'Core': Can't find file for package 'Core'
Log: Unreal file tag: -1641380927
Warning: Failed to load 'Core': Can't find file for package 'Core'
Log: Unreal file tag: -1641380927
Warning: Failed to load 'Core': Can't find file for package 'Core'
Log: Unreal file tag: -1641380927
Warning: Failed to load 'Core': Can't find file for package 'Core'
Log: Unreal file tag: -1641380927
Warning: Failed to load 'Core': Can't find file for package 'Core'
Log: Unreal file tag: -1641380927
Warning: Failed to load 'Core': Can't find file for package 'Core'
Log: Unreal file tag: -1641380927
Warning: Failed to load 'Core': Can't find file for package 'Core'
Log: Unreal file tag: -1641380927
Warning: Failed to load 'Core': Can't find file for package 'Core'
Log: Unreal file tag: -1641380927
Warning: Failed to load 'Core': Can't find file for package 'Core'
Log: Unreal file tag: -1641380927
Warning: Failed to load 'Core': Can't find file for package 'Core'
Log: Unreal file tag: -1641380927
Warning: Failed to load 'Core': Can't find file for package 'Core'
Log: Unreal file tag: -1641380927
Warning: Failed to load 'Core': Can't find file for package 'Core'
Log: Unreal file tag: -1641380927
Warning: Failed to load 'Core': Can't find file for package 'Core'
Log: Unreal file tag: -1641380927
Warning: Failed to load 'Core': Can't find file for package 'Core'
Log: Unreal file tag: -1641380927
Warning: Failed to load 'Core': Can't find file for package 'Core'
Init: Unreal engine initialized
Heading: ----------------------------Core - Release----------------------------
Warning: Failed to load 'Core.u': Can't find file 'Core.u'
Warning: Failed loading package: Can't find file 'Core.u'
Log: Analyzing...
Log: FactoryCreateText: Class with ClassFactoryUC (0 1 ..\Core\Classes\Commandlet.uc)
Log: Class: Commandlet extends Object
Log: Updated native class 'Class Core.Commandlet'
Log: FactoryCreateText: Class with ClassFactoryUC (0 1 ..\Core\Classes\Locale.uc)
Log: Class: Locale extends Object
Log: Imported: Class Core.Locale
Log: FactoryCreateText: Class with ClassFactoryUC (0 1 ..\Core\Classes\Object.uc)
Log: Class: Object extends Vector
Log: Updated native class 'Class Core.Object'
Log: FactoryCreateText: Class with ClassFactoryUC (0 1 ..\Core\Classes\ParamStack.uc)
Log: Class: ParamStack extends object
Log: Imported: Class Core.ParamStack
Log: FactoryCreateText: Class with ClassFactoryUC (0 1 ..\Core\Classes\Subsystem.uc)
Log: Class: Subsystem extends Object
Log: Updated native class 'Class Core.Subsystem'
Log: FactoryCreateText: Class with ClassFactoryUC (0 1 ..\Core\Classes\Time.uc)
Log: Class: Time extends Object
Log: Imported: Class Core.Time
Log: Parsing Object
Log: Parsing Subsystem
Log: Parsing Commandlet
Log: Parsing Locale
Log: Parsing ParamStack
Log: Parsing Time
Log: Compiling Object
Log: Compiling Subsystem
Log: Compiling Commandlet
Log: Compiling Locale
Log: Compiling ParamStack
Log: Compiling Time
Log: Importing Defaults for Object
Log: Importing Defaults for Subsystem
Log: Importing Defaults for Commandlet
Log: Importing Defaults for Locale
Log: Importing Defaults for ParamStack
Log: Importing Defaults for Time
Log: Success: Compiled 851 line(s), 258 statement(s).

Log: Unreal file tag: -1641380927
Log: Unreal file tag: -1641380927
Log: Save=2.820730
Log: Moving 'Save.tmp' to 'Core.u'
Heading: ---------------------------Engine - Release---------------------------
Warning: Failed to load 'Engine.u': Can't find file 'Engine.u'
Warning: Failed loading package: Can't find file 'Engine.u'
Log: Analyzing...
Log: FactoryCreateText: Class with ClassFactoryUC (0 1 ..\Engine\Classes\AccessControl.uc)
Log: Class: AccessControl extends Info
Log: Imported: Class Engine.AccessControl
Log: FactoryCreateText: Class with ClassFactoryUC (0 1 ..\Engine\Classes\ActionMoveCamera.uc)
Log: Class: ActionMoveCamera extends MatAction
Log: Updated native class 'Class Engine.ActionMoveCamera'
Log: FactoryCreateText: Class with ClassFactoryUC (0 1 ..\Engine\Classes\ActionPause.uc)
Log: Class: ActionPause extends MatAction
Log: Updated native class 'Class Engine.ActionPause'
Log: FactoryCreateText: Class with ClassFactoryUC (0 1 ..\Engine\Classes\Actor.uc)
Log: Class: Actor extends Object
Log: Updated native class 'Class Engine.Actor'
Log: FactoryCreateText: Class with ClassFactoryUC (0 1 ..\Engine\Classes\Admin.uc)
Log: Class: Admin extends AdminBase
Log: Imported: Class Engine.Admin
Log: FactoryCreateText: Class with ClassFactoryUC (0 1 ..\Engine\Classes\AdminBase.uc)
Log: Class: AdminBase extends Object
Log: Updated native class 'Class Engine.AdminBase'
Log: FactoryCreateText: Class with ClassFactoryUC (0 1 ..\Engine\Classes\AIController.uc)
Log: Class: AIController extends Controller
Log: Updated native class 'Class Engine.AIController'
Log: FactoryCreateText: Class with ClassFactoryUC (0 1 ..\Engine\Classes\AIMarker.uc)
Log: Class: AIMarker extends SmallNavigationPoint
Log: Updated native class 'Class Engine.AIMarker'
Log: FactoryCreateText: Class with ClassFactoryUC (0 1 ..\Engine\Classes\AIScript.uc)
Log: Class: AIScript extends Keypoint
Log: Updated native class 'Class Engine.AIScript'
Log: FactoryCreateText: Class with ClassFactoryUC (0 1 ..\Engine\Classes\AmbientSound.uc)
Log: Class: AmbientSound extends Keypoint
Log: Updated native class 'Class Engine.AmbientSound'
Log: FactoryCreateText: Class with ClassFactoryUC (0 1 ..\Engine\Classes\Ammo.uc)
Log: Class: Ammo extends Pickup
Log: Updated native class 'Class Engine.Ammo'
Log: FactoryCreateText: Class with ClassFactoryUC (0 1 ..\Engine\Classes\Ammunition.uc)
Log: Class: Ammunition extends Inventory
Log: Updated native class 'Class Engine.Ammunition'
Log: FactoryCreateText: Class with ClassFactoryUC (0 1 ..\Engine\Classes\AnimNotify.uc)
Log: Class: AnimNotify extends Object
Log: Updated native class 'Class Engine.AnimNotify'
Log: FactoryCreateText: Class with ClassFactoryUC (0 1 ..\Engine\Classes\AnimNotify_DestroyEffect.uc)
Log: Class: AnimNotify_DestroyEffect extends AnimNotify
Log: Updated native class 'Class Engine.AnimNotify_DestroyEffect'
Log: FactoryCreateText: Class with ClassFactoryUC (0 1 ..\Engine\Classes\AnimNotify_Effect.uc)
Log: Class: AnimNotify_Effect extends AnimNotify
Log: Updated native class 'Class Engine.AnimNotify_Effect'
Log: FactoryCreateText: Class with ClassFactoryUC (0 1 ..\Engine\Classes\AnimNotify_MatSubAction.uc)
Log: Class: AnimNotify_MatSubAction extends AnimNotify
Log: Updated native class 'Class Engine.AnimNotify_MatSubAction'
Log: FactoryCreateText: Class with ClassFactoryUC (0 1 ..\Engine\Classes\AnimNotify_Script.uc)
Log: Class: AnimNotify_Script extends AnimNotify
Log: Updated native class 'Class Engine.AnimNotify_Script'
Log: FactoryCreateText: Class with ClassFactoryUC (0 1 ..\Engine\Classes\AnimNotify_Scripted.uc)
Log: Class: AnimNotify_Scripted extends AnimNotify
Log: Updated native class 'Class Engine.AnimNotify_Scripted'
Log: FactoryCreateText: Class with ClassFactoryUC (0 1 ..\Engine\Classes\AnimNotify_Sound.uc)
Log: Class: AnimNotify_Sound extends AnimNotify
Log: Updated native class 'Class Engine.AnimNotify_Sound'
Log: FactoryCreateText: Class with ClassFactoryUC (0 1 ..\Engine\Classes\AnimNotify_Trigger.uc)
Log: Class: AnimNotify_Trigger extends AnimNotify_Scripted
Log: Imported: Class Engine.AnimNotify_Trigger
Log: FactoryCreateText: Class with ClassFactoryUC (0 1 ..\Engine\Classes\AntiPortalActor.uc)
Log: Class: AntiPortalActor extends Actor
Log: Updated native class 'Class Engine.AntiPortalActor'
Log: FactoryCreateText: Class with ClassFactoryUC (0 1 ..\Engine\Classes\Armor.uc)
Log: Class: Armor extends Powerups
Log: Imported: Class Engine.Armor
Log: FactoryCreateText: Class with ClassFactoryUC (0 1 ..\Engine\Classes\ArmorPickup.uc)
Log: Class: ArmorPickup extends Pickup
Log: Imported: Class Engine.ArmorPickup
Log: FactoryCreateText: Class with ClassFactoryUC (0 1 ..\Engine\Classes\AutoDoor.uc)
Log: Class: AutoDoor extends Door
Log: Updated native class 'Class Engine.AutoDoor'
Log: FactoryCreateText: Class with ClassFactoryUC (0 1 ..\Engine\Classes\AutoLadder.uc)
Log: Class: AutoLadder extends Ladder
Log: Updated native class 'Class Engine.AutoLadder'
Log: FactoryCreateText: Class with ClassFactoryUC (0 1 ..\Engine\Classes\AvoidMarker.uc)
Log: Class: AvoidMarker extends Triggers
Log: Updated native class 'Class Engine.AvoidMarker'
Log: FactoryCreateText: Class with ClassFactoryUC (0 1 ..\Engine\Classes\BaseGUIController.uc)
Log: Class: BaseGUIController extends Interaction
Log: Updated native class 'Class Engine.BaseGUIController'
Log: FactoryCreateText: Class with ClassFactoryUC (0 1 ..\Engine\Classes\BeamEmitter.uc)
Log: Class: BeamEmitter extends ParticleEmitter
Log: Updated native class 'Class Engine.BeamEmitter'
Log: FactoryCreateText: Class with ClassFactoryUC (0 1 ..\Engine\Classes\Bitmap.uc)
Log: Class: Bitmap extends Object
Log: Imported: Class Engine.Bitmap
Log: FactoryCreateText: Class with ClassFactoryUC (0 1 ..\Engine\Classes\BitmapMaterial.uc)
Log: Class: BitmapMaterial extends RenderedMaterial
Log: Updated native class 'Class Engine.BitmapMaterial'
Log: FactoryCreateText: Class with ClassFactoryUC (0 1 ..\Engine\Classes\BlockingVolume.uc)
Log: Class: BlockingVolume extends Volume
Log: Updated native class 'Class Engine.BlockingVolume'
Log: FactoryCreateText: Class with ClassFactoryUC (0 1 ..\Engine\Classes\BroadcastHandler.uc)
Log: Class: BroadcastHandler extends Info
Log: Imported: Class Engine.BroadcastHandler
Log: FactoryCreateText: Class with ClassFactoryUC (0 1 ..\Engine\Classes\Brush.uc)
Log: Class: Brush extends Actor
Log: Updated native class 'Class Engine.Brush'
Log: FactoryCreateText: Class with ClassFactoryUC (0 1 ..\Engine\Classes\Camera.uc)
Log: Class: Camera extends PlayerController
Log: Updated native class 'Class Engine.Camera'
Log: FactoryCreateText: Class with ClassFactoryUC (0 1 ..\Engine\Classes\CameraEffect.uc)
Log: Class: CameraEffect extends Object
Log: Updated native class 'Class Engine.CameraEffect'
Log: FactoryCreateText: Class with ClassFactoryUC (0 1 ..\Engine\Classes\CameraOverlay.uc)
Log: Class: CameraOverlay extends CameraEffect
Log: Updated native class 'Class Engine.CameraOverlay'
Log: FactoryCreateText: Class with ClassFactoryUC (0 1 ..\Engine\Classes\Canvas.uc)
Log: Class: Canvas extends Object
Log: Updated native class 'Class Engine.Canvas'
Log: FactoryCreateText: Class with ClassFactoryUC (0 1 ..\Engine\Classes\CarriedObject.uc)
Log: Class: CarriedObject extends Actor
Log: Imported: Class Engine.CarriedObject
Log: FactoryCreateText: Class with ClassFactoryUC (0 1 ..\Engine\Classes\CheatManager.uc)
Log: Class: CheatManager extends Object
Log: Updated native class 'Class Engine.CheatManager'
Log: FactoryCreateText: Class with ClassFactoryUC (0 1 ..\Engine\Classes\ClipMarker.uc)
Log: Class: ClipMarker extends Keypoint
Log: Updated native class 'Class Engine.ClipMarker'
Log: FactoryCreateText: Class with ClassFactoryUC (0 1 ..\Engine\Classes\ColorMask.uc)
Log: Class: ColorMask extends RealtimeGenerationTexture
Log: Imported: Class Engine.ColorMask
Log: FactoryCreateText: Class with ClassFactoryUC (0 1 ..\Engine\Classes\ColorModifier.uc)
Log: Class: ColorModifier extends Modifier
Log: Updated native class 'Class Engine.ColorModifier'
Log: FactoryCreateText: Class with ClassFactoryUC (0 1 ..\Engine\Classes\ColorWheel.uc)
Log: Class: ColorWheel extends Texture
Log: Imported: Class Engine.ColorWheel
Log: FactoryCreateText: Class with ClassFactoryUC (0 1 ..\Engine\Classes\Combiner.uc)
Log: Class: Combiner extends Material
Log: Updated native class 'Class Engine.Combiner'
Log: FactoryCreateText: Class with ClassFactoryUC (0 1 ..\Engine\Classes\Console.uc)
Log: Class: Console extends Interaction
Log: Updated native class 'Class Engine.Console'
Log: FactoryCreateText: Class with ClassFactoryUC (0 1 ..\Engine\Classes\ConstantColor.uc)
Log: Class: ConstantColor extends ConstantMaterial
Log: Updated native class 'Class Engine.ConstantColor'
Log: FactoryCreateText: Class with ClassFactoryUC (0 1 ..\Engine\Classes\ConstantMaterial.uc)
Log: Class: ConstantMaterial extends RenderedMaterial
Log: Updated native class 'Class Engine.ConstantMaterial'
Log: FactoryCreateText: Class with ClassFactoryUC (0 1 ..\Engine\Classes\Controller.uc)
Log: Class: Controller extends Actor
Log: Updated native class 'Class Engine.Controller'
Log: FactoryCreateText: Class with ClassFactoryUC (0 1 ..\Engine\Classes\Crushed.uc)
Log: Class: Crushed extends DamageType
Log: Imported: Class Engine.Crushed
Log: FactoryCreateText: Class with ClassFactoryUC (0 1 ..\Engine\Classes\Cubemap.uc)
Log: Class: Cubemap extends Texture
Log: Updated native class 'Class Engine.Cubemap'
Log: FactoryCreateText: Class with ClassFactoryUC (0 1 ..\Engine\Classes\DamageType.uc)
Log: Class: DamageType extends Actor
Log: Updated native class 'Class Engine.DamageType'
Log: FactoryCreateText: Class with ClassFactoryUC (0 1 ..\Engine\Classes\DamTypeTelefragged.uc)
Log: Class: DamTypeTelefragged extends DamageType
Log: Imported: Class Engine.DamTypeTelefragged
Log: FactoryCreateText: Class with ClassFactoryUC (0 1 ..\Engine\Classes\Decal.uc)
Log: Class: Decal extends Actor
Log: Imported: Class Engine.Decal
Log: FactoryCreateText: Class with ClassFactoryUC (0 1 ..\Engine\Classes\Decoration.uc)
Log: Class: Decoration extends Actor
Log: Updated native class 'Class Engine.Decoration'
Log: FactoryCreateText: Class with ClassFactoryUC (0 1 ..\Engine\Classes\DecorationList.uc)
Log: Class: DecorationList extends KeyPoint
Log: Updated native class 'Class Engine.DecorationList'
Log: FactoryCreateText: Class with ClassFactoryUC (0 1 ..\Engine\Classes\DecoVolumeObject.uc)
Log: Class: DecoVolumeObject extends Actor
Log: Updated native class 'Class Engine.DecoVolumeObject'
Log: FactoryCreateText: Class with ClassFactoryUC (0 1 ..\Engine\Classes\DefaultPhysicsVolume.uc)
Log: Class: DefaultPhysicsVolume extends PhysicsVolume
Log: Updated native class 'Class Engine.DefaultPhysicsVolume'
Log: FactoryCreateText: Class with ClassFactoryUC (0 1 ..\Engine\Classes\DemoRecSpectator.uc)
Log: Class: DemoRecSpectator extends MessagingSpectator
Log: Imported: Class Engine.DemoRecSpectator
Log: FactoryCreateText: Class with ClassFactoryUC (0 1 ..\Engine\Classes\Door.uc)
Log: Class: Door extends NavigationPoint
Log: Updated native class 'Class Engine.Door'
Log: FactoryCreateText: Class with ClassFactoryUC (0 1 ..\Engine\Classes\DynamicProjector.uc)
Log: Class: DynamicProjector extends Projector
Log: Imported: Class Engine.DynamicProjector
Log: FactoryCreateText: Class with ClassFactoryUC (0 1 ..\Engine\Classes\Effects.uc)
Log: Class: Effects extends Actor
Log: Imported: Class Engine.Effects
Log: FactoryCreateText: Class with ClassFactoryUC (0 1 ..\Engine\Classes\Emitter.uc)
Log: Class: Emitter extends Actor
Log: Updated native class 'Class Engine.Emitter'
Log: FactoryCreateText: Class with ClassFactoryUC (0 1 ..\Engine\Classes\Engine.uc)
Log: Class: Engine extends Subsystem
Log: Updated native class 'Class Engine.Engine'
Log: FactoryCreateText: Class with ClassFactoryUC (0 1 ..\Engine\Classes\ExtraMeshData.uc)
Log: Class: ExtraMeshData extends Object
Log: Imported: Class Engine.ExtraMeshData
Log: FactoryCreateText: Class with ClassFactoryUC (0 1 ..\Engine\Classes\FadeColor.uc)
Log: Class: FadeColor extends ConstantMaterial
Log: Updated native class 'Class Engine.FadeColor'
Log: FactoryCreateText: Class with ClassFactoryUC (0 1 ..\Engine\Classes\FailedConnect.uc)
Log: Class: FailedConnect extends LocalMessage
Log: Imported: Class Engine.FailedConnect
Log: FactoryCreateText: Class with ClassFactoryUC (0 1 ..\Engine\Classes\fell.uc)
Log: Class: Fell extends DamageType
Log: Imported: Class Engine.fell
Log: FactoryCreateText: Class with ClassFactoryUC (0 1 ..\Engine\Classes\FellLava.uc)
Log: Class: FellLava extends Fell
Log: Imported: Class Engine.FellLava
Log: FactoryCreateText: Class with ClassFactoryUC (0 1 ..\Engine\Classes\FileLog.uc)
Log: Class: FileLog extends Info
Log: Updated native class 'Class Engine.FileLog'
Log: FactoryCreateText: Class with ClassFactoryUC (0 1 ..\Engine\Classes\FinalBlend.uc)
Log: Class: FinalBlend extends Modifier
Log: Updated native class 'Class Engine.FinalBlend'
Log: FactoryCreateText: Class with ClassFactoryUC (0 1 ..\Engine\Classes\FluidSurfaceInfo.uc)
Log: Class: FluidSurfaceInfo extends Info
Log: Updated native class 'Class Engine.FluidSurfaceInfo'
Log: FactoryCreateText: Class with ClassFactoryUC (0 1 ..\Engine\Classes\FluidSurfaceOscillator.uc)
Log: Class: FluidSurfaceOscillator extends Actor
Log: Updated native class 'Class Engine.FluidSurfaceOscillator'
Log: FactoryCreateText: Class with ClassFactoryUC (0 1 ..\Engine\Classes\Fragment.uc)
Log: Class: Fragment extends Effects
Log: Imported: Class Engine.Fragment
Log: FactoryCreateText: Class with ClassFactoryUC (0 1 ..\Engine\Classes\GameEngine.uc)
Log: Class: GameEngine extends Engine
Log: Updated native class 'Class Engine.GameEngine'
Log: FactoryCreateText: Class with ClassFactoryUC (0 1 ..\Engine\Classes\GameInfo.uc)
Log: Class: GameInfo extends Info
Log: Updated native class 'Class Engine.GameInfo'
Log: FactoryCreateText: Class with ClassFactoryUC (0 1 ..\Engine\Classes\GameMessage.uc)
Log: Class: GameMessage extends LocalMessage
Log: Imported: Class Engine.GameMessage
Log: FactoryCreateText: Class with ClassFactoryUC (0 1 ..\Engine\Classes\GameProfile.uc)
Log: Class: GameProfile extends Object
Log: Updated native class 'Class Engine.GameProfile'
Log: FactoryCreateText: Class with ClassFactoryUC (0 1 ..\Engine\Classes\GameReplicationInfo.uc)
Log: Class: GameReplicationInfo extends ReplicationInfo
Log: Updated native class 'Class Engine.GameReplicationInfo'
Log: FactoryCreateText: Class with ClassFactoryUC (0 1 ..\Engine\Classes\GameRules.uc)
Log: Class: GameRules extends Info
Log: Imported: Class Engine.GameRules
Log: FactoryCreateText: Class with ClassFactoryUC (0 1 ..\Engine\Classes\GameStats.uc)
Log: Class: GameStats extends Info
Log: Updated native class 'Class Engine.GameStats'
Log: FactoryCreateText: Class with ClassFactoryUC (0 1 ..\Engine\Classes\Gibbed.uc)
Log: Class: Gibbed extends DamageType
Log: Imported: Class Engine.Gibbed
Log: FactoryCreateText: Class with ClassFactoryUC (0 1 ..\Engine\Classes\GlowModifier.uc)
Log: Class: GlowModifier extends Modifier
Log: Imported: Class Engine.GlowModifier
Log: FactoryCreateText: Class with ClassFactoryUC (0 1 ..\Engine\Classes\HUD.uc)
Log: Class: Hud extends Actor
Log: Updated native class 'Class Engine.HUD'
Log: FactoryCreateText: Class with ClassFactoryUC (0 1 ..\Engine\Classes\I3DL2Listener.uc)
Log: Class: I3DL2Listener extends Object
Log: Updated native class 'Class Engine.I3DL2Listener'
Log: FactoryCreateText: Class with ClassFactoryUC (0 1 ..\Engine\Classes\Info.uc)
Log: Class: Info extends Actor
Log: Updated native class 'Class Engine.Info'
Log: FactoryCreateText: Class with ClassFactoryUC (0 1 ..\Engine\Classes\Interaction.uc)
Log: Class: Interaction extends Interactions
Log: Updated native class 'Class Engine.Interaction'
Log: FactoryCreateText: Class with ClassFactoryUC (0 1 ..\Engine\Classes\InteractionMaster.uc)
Log: Class: InteractionMaster extends Interactions
Log: Updated native class 'Class Engine.InteractionMaster'
Log: FactoryCreateText: Class with ClassFactoryUC (0 1 ..\Engine\Classes\Interactions.uc)
Log: Class: Interactions extends Object
Log: Updated native class 'Class Engine.Interactions'
Log: FactoryCreateText: Class with ClassFactoryUC (0 1 ..\Engine\Classes\InternetInfo.uc)
Log: Class: InternetInfo extends Info
Log: Updated native class 'Class Engine.InternetInfo'
Log: FactoryCreateText: Class with ClassFactoryUC (0 1 ..\Engine\Classes\InterpolationPoint.uc)
Log: Class: InterpolationPoint extends Keypoint
Log: Updated native class 'Class Engine.InterpolationPoint'
Log: FactoryCreateText: Class with ClassFactoryUC (0 1 ..\Engine\Classes\Inventory.uc)
Log: Class: Inventory extends Actor
Log: Updated native class 'Class Engine.Inventory'
Log: FactoryCreateText: Class with ClassFactoryUC (0 1 ..\Engine\Classes\InventoryAttachment.uc)
Log: Class: InventoryAttachment extends Actor
Log: Updated native class 'Class Engine.InventoryAttachment'
Log: FactoryCreateText: Class with ClassFactoryUC (0 1 ..\Engine\Classes\InventorySpot.uc)
Log: Class: InventorySpot extends SmallNavigationPoint
Log: Updated native class 'Class Engine.InventorySpot'
Log: FactoryCreateText: Class with ClassFactoryUC (0 1 ..\Engine\Classes\JumpDest.uc)
Log: Class: JumpDest extends NavigationPoint
Log: Updated native class 'Class Engine.JumpDest'
Log: FactoryCreateText: Class with ClassFactoryUC (0 1 ..\Engine\Classes\JumpPad.uc)
Log: Class: JumpPad extends NavigationPoint
Log: Updated native class 'Class Engine.JumpPad'
Log: FactoryCreateText: Class with ClassFactoryUC (0 1 ..\Engine\Classes\KActor.uc)
Log: Class: KActor extends Actor
Log: Updated native class 'Class Engine.KActor'
Log: FactoryCreateText: Class with ClassFactoryUC (0 1 ..\Engine\Classes\KarmaParams.uc)
Log: Class: KarmaParams extends KarmaParamsCollision
Log: Updated native class 'Class Engine.KarmaParams'
Log: FactoryCreateText: Class with ClassFactoryUC (0 1 ..\Engine\Classes\KarmaParamsCollision.uc)
Log: Class: KarmaParamsCollision extends Object
Log: Updated native class 'Class Engine.KarmaParamsCollision'
Log: FactoryCreateText: Class with ClassFactoryUC (0 1 ..\Engine\Classes\KarmaParamsRBFull.uc)
Log: Class: KarmaParamsRBFull extends KarmaParams
Log: Updated native class 'Class Engine.KarmaParamsRBFull'
Log: FactoryCreateText: Class with ClassFactoryUC (0 1 ..\Engine\Classes\KarmaParamsSkel.uc)
Log: Class: KarmaParamsSkel extends KarmaParams
Log: Updated native class 'Class Engine.KarmaParamsSkel'
Log: FactoryCreateText: Class with ClassFactoryUC (0 1 ..\Engine\Classes\KBSJoint.uc)
Log: Class: KBSJoint extends KConstraint
Log: Updated native class 'Class Engine.KBSJoint'
Log: FactoryCreateText: Class with ClassFactoryUC (0 1 ..\Engine\Classes\KCarWheelJoint.uc)
Log: Class: KCarWheelJoint extends KConstraint
Log: Updated native class 'Class Engine.KCarWheelJoint'
Log: FactoryCreateText: Class with ClassFactoryUC (0 1 ..\Engine\Classes\KConeLimit.uc)
Log: Class: KConeLimit extends KConstraint
Log: Updated native class 'Class Engine.KConeLimit'
Log: FactoryCreateText: Class with ClassFactoryUC (0 1 ..\Engine\Classes\KConstraint.uc)
Log: Class: KConstraint extends KActor
Log: Updated native class 'Class Engine.KConstraint'
Log: FactoryCreateText: Class with ClassFactoryUC (0 1 ..\Engine\Classes\Keypoint.uc)
Log: Class: Keypoint extends Actor
Log: Updated native class 'Class Engine.Keypoint'
Log: FactoryCreateText: Class with ClassFactoryUC (0 1 ..\Engine\Classes\KHinge.uc)
Log: Class: KHinge extends KConstraint
Log: Updated native class 'Class Engine.KHinge'
Log: FactoryCreateText: Class with ClassFactoryUC (0 1 ..\Engine\Classes\KTire.uc)
Log: Class: KTire extends KActor
Log: Updated native class 'Class Engine.KTire'
Log: FactoryCreateText: Class with ClassFactoryUC (0 1 ..\Engine\Classes\KVehicle.uc)
Log: Class: KVehicle extends Pawn
Log: Updated native class 'Class Engine.KVehicle'
Log: FactoryCreateText: Class with ClassFactoryUC (0 1 ..\Engine\Classes\KVehicleFactory.uc)
Log: Class: KVehicleFactory extends Actor
Log: Imported: Class Engine.KVehicleFactory
Log: FactoryCreateText: Class with ClassFactoryUC (0 1 ..\Engine\Classes\L2Alarm.uc)
Log: Class: L2Alarm extends Actor
Log: Imported: Class Engine.L2Alarm
Log: FactoryCreateText: Class with ClassFactoryUC (0 1 ..\Engine\Classes\L2CenterdDiamond.uc)
Log: Class: L2CenterdDiamond extends Actor
Log: Imported: Class Engine.L2CenterdDiamond
Log: FactoryCreateText: Class with ClassFactoryUC (0 1 ..\Engine\Classes\L2ColorModifier.uc)
Log: Class: L2ColorModifier extends Modifier
Log: Imported: Class Engine.L2ColorModifier
Log: FactoryCreateText: Class with ClassFactoryUC (0 1 ..\Engine\Classes\L2Dice.uc)
Log: Class: L2Dice extends Actor
Log: Imported: Class Engine.L2Dice
Log: FactoryCreateText: Class with ClassFactoryUC (0 1 ..\Engine\Classes\L2EffectEmitter.uc)
Log: Class: L2EffectEmitter extends Object
Log: Imported: Class Engine.L2EffectEmitter
Log: FactoryCreateText: Class with ClassFactoryUC (0 1 ..\Engine\Classes\L2Float.uc)
Log: Class: L2Float extends Actor
Log: Imported: Class Engine.L2Float
Log: FactoryCreateText: Class with ClassFactoryUC (0 1 ..\Engine\Classes\L2FogInfo.uc)
Log: Class: L2FogInfo extends Info
Log: Imported: Class Engine.L2FogInfo
Log: FactoryCreateText: Class with ClassFactoryUC (0 1 ..\Engine\Classes\L2Indicator.uc)
Log: Class: L2Indicator extends Emitter
Log: Imported: Class Engine.L2Indicator
Log: FactoryCreateText: Class with ClassFactoryUC (0 1 ..\Engine\Classes\L2MovableStaticMeshActor.uc)
Log: Class: L2MovableStaticMeshActor extends StaticMeshActor
Log: Imported: Class Engine.L2MovableStaticMeshActor
Log: FactoryCreateText: Class with ClassFactoryUC (0 1 ..\Engine\Classes\L2NMover.uc)
Log: Class: L2NMover extends Actor
Log: Imported: Class Engine.L2NMover
Log: FactoryCreateText: Class with ClassFactoryUC (0 1 ..\Engine\Classes\L2SkillEffect.uc)
Log: Class: L2SkillEffect extends Object
Log: Imported: Class Engine.L2SkillEffect
Log: FactoryCreateText: Class with ClassFactoryUC (0 1 ..\Engine\Classes\Ladder.uc)
Log: Class: Ladder extends SmallNavigationPoint
Log: Updated native class 'Class Engine.Ladder'
Log: FactoryCreateText: Class with ClassFactoryUC (0 1 ..\Engine\Classes\LadderInfo.uc)
Log: Class: LadderInfo extends Object
Log: Imported: Class Engine.LadderInfo
Log: FactoryCreateText: Class with ClassFactoryUC (0 1 ..\Engine\Classes\LadderVolume.uc)
Log: Class: LadderVolume extends PhysicsVolume
Log: Updated native class 'Class Engine.LadderVolume'
Log: FactoryCreateText: Class with ClassFactoryUC (0 1 ..\Engine\Classes\LevelInfo.uc)
Log: Class: LevelInfo extends ZoneInfo
Log: Updated native class 'Class Engine.LevelInfo'
Log: FactoryCreateText: Class with ClassFactoryUC (0 1 ..\Engine\Classes\LevelSummary.uc)
Log: Class: LevelSummary extends Object
Log: Updated native class 'Class Engine.LevelSummary'
Log: FactoryCreateText: Class with ClassFactoryUC (0 1 ..\Engine\Classes\LiftCenter.uc)
Log: Class: LiftCenter extends NavigationPoint
Log: Updated native class 'Class Engine.LiftCenter'
Log: FactoryCreateText: Class with ClassFactoryUC (0 1 ..\Engine\Classes\LiftExit.uc)
Log: Class: LiftExit extends NavigationPoint
Log: Updated native class 'Class Engine.LiftExit'
Log: FactoryCreateText: Class with ClassFactoryUC (0 1 ..\Engine\Classes\Light.uc)
Log: Class: Light extends Actor
Log: Updated native class 'Class Engine.Light'
Log: FactoryCreateText: Class with ClassFactoryUC (0 1 ..\Engine\Classes\LineOfSightTrigger.uc)
Log: Class: LineOfSightTrigger extends Triggers
Log: Updated native class 'Class Engine.LineOfSightTrigger'
Log: FactoryCreateText: Class with ClassFactoryUC (0 1 ..\Engine\Classes\LocalMessage.uc)
Log: Class: LocalMessage extends Info
Log: Imported: Class Engine.LocalMessage
Log: FactoryCreateText: Class with ClassFactoryUC (0 1 ..\Engine\Classes\LogEntry.uc)
Log: Class: LogEntry extends Object
Log: Updated native class 'Class Engine.LogEntry'
Log: FactoryCreateText: Class with ClassFactoryUC (0 1 ..\Engine\Classes\LookTarget.uc)
Log: Class: LookTarget extends KeyPoint
Log: Updated native class 'Class Engine.LookTarget'
Log: FactoryCreateText: Class with ClassFactoryUC (0 1 ..\Engine\Classes\Manifest.uc)
Log: Class: Manifest extends Object
Log: Updated native class 'Class Engine.Manifest'
Log: FactoryCreateText: Class with ClassFactoryUC (0 1 ..\Engine\Classes\MapList.uc)
Log: Class: MapList extends Info
Log: Imported: Class Engine.MapList
Log: FactoryCreateText: Class with ClassFactoryUC (0 1 ..\Engine\Classes\MarkProjector.uc)
Log: Class: MarkProjector extends Projector
Log: Imported: Class Engine.MarkProjector
Log: FactoryCreateText: Class with ClassFactoryUC (0 1 ..\Engine\Classes\MaskTexture.uc)
Log: Class: MaskTexture extends Texture
Log: Imported: Class Engine.MaskTexture
Log: FactoryCreateText: Class with ClassFactoryUC (0 1 ..\Engine\Classes\MatAction.uc)
Log: Class: MatAction extends MatObject
Log: Updated native class 'Class Engine.MatAction'
Log: FactoryCreateText: Class with ClassFactoryUC (0 1 ..\Engine\Classes\MatchInfo.uc)
Log: Class: MatchInfo extends Object
Log: Imported: Class Engine.MatchInfo
Log: FactoryCreateText: Class with ClassFactoryUC (0 1 ..\Engine\Classes\MatDemoActor.uc)
Log: Class: MatDemoActor extends Actor
Log: Updated native class 'Class Engine.MatDemoActor'
Log: FactoryCreateText: Class with ClassFactoryUC (0 1 ..\Engine\Classes\Material.uc)
Log: Class: Material extends Object
Log: Updated native class 'Class Engine.Material'
Log: FactoryCreateText: Class with ClassFactoryUC (0 1 ..\Engine\Classes\MaterialSequence.uc)
Log: Class: MaterialSequence extends Modifier
Log: Updated native class 'Class Engine.MaterialSequence'
Log: FactoryCreateText: Class with ClassFactoryUC (0 1 ..\Engine\Classes\MaterialSwitch.uc)
Log: Class: MaterialSwitch extends Modifier
Log: Updated native class 'Class Engine.MaterialSwitch'
Log: FactoryCreateText: Class with ClassFactoryUC (0 1 ..\Engine\Classes\MaterialTrigger.uc)
Log: Class: MaterialTrigger extends Triggers
Log: Imported: Class Engine.MaterialTrigger
Log: FactoryCreateText: Class with ClassFactoryUC (0 1 ..\Engine\Classes\MatObject.uc)
Log: Class: MatObject extends Object
Log: Updated native class 'Class Engine.MatObject'
Log: FactoryCreateText: Class with ClassFactoryUC (0 1 ..\Engine\Classes\MatSubAction.uc)
Log: Class: MatSubAction extends MatObject
Log: Updated native class 'Class Engine.MatSubAction'
Log: FactoryCreateText: Class with ClassFactoryUC (0 1 ..\Engine\Classes\MeshComponent.uc)
Log: Class: MeshComponent extends Object
Log: Imported: Class Engine.MeshComponent
Log: FactoryCreateText: Class with ClassFactoryUC (0 1 ..\Engine\Classes\MeshContainer.uc)
Log: Class: MeshContainer extends Object
Log: Imported: Class Engine.MeshContainer
Log: FactoryCreateText: Class with ClassFactoryUC (0 1 ..\Engine\Classes\MeshEmitter.uc)
Log: Class: MeshEmitter extends ParticleEmitter
Log: Updated native class 'Class Engine.MeshEmitter'
Log: FactoryCreateText: Class with ClassFactoryUC (0 1 ..\Engine\Classes\MeshObject.uc)
Log: Class: MeshObject extends Object
Log: Updated native class 'Class Engine.MeshObject'
Log: FactoryCreateText: Class with ClassFactoryUC (0 1 ..\Engine\Classes\MessagingSpectator.uc)
Log: Class: MessagingSpectator extends PlayerController
Log: Imported: Class Engine.MessagingSpectator
Log: FactoryCreateText: Class with ClassFactoryUC (0 1 ..\Engine\Classes\Modifier.uc)
Log: Class: Modifier extends Material
Log: Updated native class 'Class Engine.Modifier'
Log: FactoryCreateText: Class with ClassFactoryUC (0 1 ..\Engine\Classes\MotionBlur.uc)
Log: Class: MotionBlur extends CameraEffect
Log: Updated native class 'Class Engine.MotionBlur'
Log: FactoryCreateText: Class with ClassFactoryUC (0 1 ..\Engine\Classes\Mover.uc)
Log: Class: Mover extends Actor
Log: Updated native class 'Class Engine.Mover'
Log: FactoryCreateText: Class with ClassFactoryUC (0 1 ..\Engine\Classes\MusicTrigger.uc)
Log: Class: MusicTrigger extends Triggers
Log: Imported: Class Engine.MusicTrigger
Log: FactoryCreateText: Class with ClassFactoryUC (0 1 ..\Engine\Classes\Mutator.uc)
Log: Class: Mutator extends Info
Log: Updated native class 'Class Engine.Mutator'
Log: FactoryCreateText: Class with ClassFactoryUC (0 1 ..\Engine\Classes\NAgathion.uc)
Log: Class: NAgathion extends Pawn
Log: Imported: Class Engine.NAgathion
Log: FactoryCreateText: Class with ClassFactoryUC (0 1 ..\Engine\Classes\NavigationPoint.uc)
Log: Class: NavigationPoint extends Actor
Log: Updated native class 'Class Engine.NavigationPoint'
Log: FactoryCreateText: Class with ClassFactoryUC (0 1 ..\Engine\Classes\NCubics.uc)
Log: Class: NCubics extends Emitter
Log: Imported: Class Engine.NCubics
Log: FactoryCreateText: Class with ClassFactoryUC (0 1 ..\Engine\Classes\NLine.uc)
Log: Class: NLine extends Actor
Log: Imported: Class Engine.NLine
Log: FactoryCreateText: Class with ClassFactoryUC (0 1 ..\Engine\Classes\NMoon.uc)
Log: Class: NMoon extends Actor
Log: Imported: Class Engine.NMoon
Log: FactoryCreateText: Class with ClassFactoryUC (0 1 ..\Engine\Classes\Note.uc)
Log: Class: Note extends Actor
Log: Updated native class 'Class Engine.Note'
Log: FactoryCreateText: Class with ClassFactoryUC (0 1 ..\Engine\Classes\NProjectile.uc)
Log: Class: NProjectile extends Emitter
Log: Imported: Class Engine.NProjectile
Log: FactoryCreateText: Class with ClassFactoryUC (0 1 ..\Engine\Classes\NSkillProjectile.uc)
Log: Class: NSkillProjectile extends NProjectile
Log: Imported: Class Engine.NSkillProjectile
Log: FactoryCreateText: Class with ClassFactoryUC (0 1 ..\Engine\Classes\ObjectPool.uc)
Log: Class: ObjectPool extends Object
Log: Imported: Class Engine.ObjectPool
Log: FactoryCreateText: Class with ClassFactoryUC (0 1 ..\Engine\Classes\OpacityModifier.uc)
Log: Class: OpacityModifier extends Modifier
Log: Updated native class 'Class Engine.OpacityModifier'
Log: FactoryCreateText: Class with ClassFactoryUC (0 1 ..\Engine\Classes\Palette.uc)
Log: Class: Palette extends Object
Log: Updated native class 'Class Engine.Palette'
Log: FactoryCreateText: Class with ClassFactoryUC (0 1 ..\Engine\Classes\ParticleEmitter.uc)
Log: Class: ParticleEmitter extends Object
Log: Updated native class 'Class Engine.ParticleEmitter'
Log: FactoryCreateText: Class with ClassFactoryUC (0 1 ..\Engine\Classes\ParticleMaterial.uc)
Log: Class: ParticleMaterial extends RenderedMaterial
Log: Updated native class 'Class Engine.ParticleMaterial'
Log: FactoryCreateText: Class with ClassFactoryUC (0 1 ..\Engine\Classes\PathNode.uc)
Log: Class: PathNode extends NavigationPoint
Log: Updated native class 'Class Engine.PathNode'
Log: FactoryCreateText: Class with ClassFactoryUC (0 1 ..\Engine\Classes\Pawn.uc)
Log: Class: Pawn extends Actor
Log: Updated native class 'Class Engine.Pawn'
Log: FactoryCreateText: Class with ClassFactoryUC (0 1 ..\Engine\Classes\PawnSheathingMgr.uc)
Log: Class: PawnSheathingMgr extends Object
Log: Imported: Class Engine.PawnSheathingMgr
Log: FactoryCreateText: Class with ClassFactoryUC (0 1 ..\Engine\Classes\PhysicsVolume.uc)
Log: Class: PhysicsVolume extends Volume
Log: Updated native class 'Class Engine.PhysicsVolume'
Log: FactoryCreateText: Class with ClassFactoryUC (0 1 ..\Engine\Classes\Pickup.uc)
Log: Class: Pickup extends Actor
Log: Updated native class 'Class Engine.Pickup'
Log: FactoryCreateText: Class with ClassFactoryUC (0 1 ..\Engine\Classes\Player.uc)
Log: Class: Player extends Object
Log: Updated native class 'Class Engine.Player'
Log: FactoryCreateText: Class with ClassFactoryUC (0 1 ..\Engine\Classes\PlayerController.uc)
Log: Class: PlayerController extends Controller
Log: Updated native class 'Class Engine.PlayerController'
Log: FactoryCreateText: Class with ClassFactoryUC (0 1 ..\Engine\Classes\PlayerInput.uc)
Log: Class: PlayerInput extends Object
Log: Updated native class 'Class Engine.PlayerInput'
Log: FactoryCreateText: Class with ClassFactoryUC (0 1 ..\Engine\Classes\PlayerReplicationInfo.uc)
Log: Class: PlayerReplicationInfo extends ReplicationInfo
Log: Updated native class 'Class Engine.PlayerReplicationInfo'
Log: FactoryCreateText: Class with ClassFactoryUC (0 1 ..\Engine\Classes\PlayerStart.uc)
Log: Class: PlayerStart extends SmallNavigationPoint
Log: Updated native class 'Class Engine.PlayerStart'
Log: FactoryCreateText: Class with ClassFactoryUC (0 1 ..\Engine\Classes\PlayInfo.uc)
Log: Class: PlayInfo extends object
Log: Updated native class 'Class Engine.PlayInfo'
Log: FactoryCreateText: Class with ClassFactoryUC (0 1 ..\Engine\Classes\PolyMarker.uc)
Log: Class: PolyMarker extends Keypoint
Log: Updated native class 'Class Engine.PolyMarker'
Log: FactoryCreateText: Class with ClassFactoryUC (0 1 ..\Engine\Classes\PotentialClimbWatcher.uc)
Log: Class: PotentialClimbWatcher extends Info
Log: Updated native class 'Class Engine.PotentialClimbWatcher'
Log: FactoryCreateText: Class with ClassFactoryUC (0 1 ..\Engine\Classes\Powerups.uc)
Log: Class: Powerups extends Inventory
Log: Updated native class 'Class Engine.Powerups'
Log: FactoryCreateText: Class with ClassFactoryUC (0 1 ..\Engine\Classes\PrecacheHack.uc)
Log: Class: PrecacheHack extends Actor
Log: Updated native class 'Class Engine.PrecacheHack'
Log: FactoryCreateText: Class with ClassFactoryUC (0 1 ..\Engine\Classes\ProceduralSound.uc)
Log: Class: ProceduralSound extends Sound
Log: Updated native class 'Class Engine.ProceduralSound'
Log: FactoryCreateText: Class with ClassFactoryUC (0 1 ..\Engine\Classes\Projectile.uc)
Log: Class: Projectile extends Actor
Log: Updated native class 'Class Engine.Projectile'
Log: FactoryCreateText: Class with ClassFactoryUC (0 1 ..\Engine\Classes\Projector.uc)
Log: Class: Projector extends Actor
Log: Updated native class 'Class Engine.Projector'
Log: FactoryCreateText: Class with ClassFactoryUC (0 1 ..\Engine\Classes\ProjectorMaterial.uc)
Log: Class: ProjectorMaterial extends RenderedMaterial
Log: Updated native class 'Class Engine.ProjectorMaterial'
Log: FactoryCreateText: Class with ClassFactoryUC (0 1 ..\Engine\Classes\ReachSpec.uc)
Log: Class: ReachSpec extends Object
Log: Updated native class 'Class Engine.ReachSpec'
Log: FactoryCreateText: Class with ClassFactoryUC (0 1 ..\Engine\Classes\RealtimeGenerationTexture.uc)
Log: Class: RealtimeGenerationTexture extends Texture
Log: Imported: Class Engine.RealtimeGenerationTexture
Log: FactoryCreateText: Class with ClassFactoryUC (0 1 ..\Engine\Classes\RenderedMaterial.uc)
Log: Class: RenderedMaterial extends Material
Log: Updated native class 'Class Engine.RenderedMaterial'
Log: FactoryCreateText: Class with ClassFactoryUC (0 1 ..\Engine\Classes\ReplicationInfo.uc)
Log: Class: ReplicationInfo extends Info
Log: Updated native class 'Class Engine.ReplicationInfo'
Log: FactoryCreateText: Class with ClassFactoryUC (0 1 ..\Engine\Classes\Resource.uc)
Log: Class: Resource extends Object
Log: Imported: Class Engine.Resource
Log: FactoryCreateText: Class with ClassFactoryUC (0 1 ..\Engine\Classes\SavedMove.uc)
Log: Class: SavedMove extends Info
Log: Updated native class 'Class Engine.SavedMove'
Log: FactoryCreateText: Class with ClassFactoryUC (0 1 ..\Engine\Classes\SceneManager.uc)
Log: Class: SceneManager extends Info
Log: Updated native class 'Class Engine.SceneManager'
Log: FactoryCreateText: Class with ClassFactoryUC (0 1 ..\Engine\Classes\ScoreBoard.uc)
Log: Class: ScoreBoard extends Info
Log: Imported: Class Engine.ScoreBoard
Log: FactoryCreateText: Class with ClassFactoryUC (0 1 ..\Engine\Classes\Scout.uc)
Log: Class: Scout extends Pawn
Log: Updated native class 'Class Engine.Scout'
Log: FactoryCreateText: Class with ClassFactoryUC (0 1 ..\Engine\Classes\ScriptedTexture.uc)
Log: Class: ScriptedTexture extends BitmapMaterial
Log: Updated native class 'Class Engine.ScriptedTexture'
Log: FactoryCreateText: Class with ClassFactoryUC (0 1 ..\Engine\Classes\Security.uc)
Log: Class: Security extends Info
Log: Updated native class 'Class Engine.Security'
Log: FactoryCreateText: Class with ClassFactoryUC (0 1 ..\Engine\Classes\Shader.uc)
Log: Class: Shader extends RenderedMaterial
Log: Updated native class 'Class Engine.Shader'
Log: FactoryCreateText: Class with ClassFactoryUC (0 1 ..\Engine\Classes\ShadowBitmapMaterial.uc)
Log: Class: ShadowBitmapMaterial extends BitmapMaterial
Log: Updated native class 'Class Engine.ShadowBitmapMaterial'
Log: FactoryCreateText: Class with ClassFactoryUC (0 1 ..\Engine\Classes\ShadowProjector.uc)
Log: Class: ShadowProjector extends Projector
Log: Imported: Class Engine.ShadowProjector
Log: FactoryCreateText: Class with ClassFactoryUC (0 1 ..\Engine\Classes\SimulationCollision.uc)
Log: Class: SimulationCollision extends Object
Log: Imported: Class Engine.SimulationCollision
Log: FactoryCreateText: Class with ClassFactoryUC (0 1 ..\Engine\Classes\SkyZoneInfo.uc)
Log: Class: SkyZoneInfo extends ZoneInfo
Log: Updated native class 'Class Engine.SkyZoneInfo'
Log: FactoryCreateText: Class with ClassFactoryUC (0 1 ..\Engine\Classes\SmallNavigationPoint.uc)
Log: Class: SmallNavigationPoint extends NavigationPoint
Log: Updated native class 'Class Engine.SmallNavigationPoint'
Log: FactoryCreateText: Class with ClassFactoryUC (0 1 ..\Engine\Classes\Sound.uc)
Log: Class: Sound extends Object
Log: Updated native class 'Class Engine.Sound'
Log: FactoryCreateText: Class with ClassFactoryUC (0 1 ..\Engine\Classes\SoundGroup.uc)
Log: Class: SoundGroup extends Sound
Log: Updated native class 'Class Engine.SoundGroup'
Log: FactoryCreateText: Class with ClassFactoryUC (0 1 ..\Engine\Classes\SparkEmitter.uc)
Log: Class: SparkEmitter extends ParticleEmitter
Log: Updated native class 'Class Engine.SparkEmitter'
Log: FactoryCreateText: Class with ClassFactoryUC (0 1 ..\Engine\Classes\Spline.uc)
Log: Class: Spline extends Object
Log: Updated native class 'Class Engine.Spline'
Log: FactoryCreateText: Class with ClassFactoryUC (0 1 ..\Engine\Classes\SpriteEmitter.uc)
Log: Class: SpriteEmitter extends ParticleEmitter
Log: Updated native class 'Class Engine.SpriteEmitter'
Log: FactoryCreateText: Class with ClassFactoryUC (0 1 ..\Engine\Classes\StaticMeshActor.uc)
Log: Class: StaticMeshActor extends Actor
Log: Updated native class 'Class Engine.StaticMeshActor'
Log: FactoryCreateText: Class with ClassFactoryUC (0 1 ..\Engine\Classes\SubActionCameraEffect.uc)
Log: Class: SubActionCameraEffect extends MatSubAction
Log: Updated native class 'Class Engine.SubActionCameraEffect'
Log: FactoryCreateText: Class with ClassFactoryUC (0 1 ..\Engine\Classes\SubActionCameraShake.uc)
Log: Class: SubActionCameraShake extends MatSubAction
Log: Updated native class 'Class Engine.SubActionCameraShake'
Log: FactoryCreateText: Class with ClassFactoryUC (0 1 ..\Engine\Classes\SubActionFade.uc)
Log: Class: SubActionFade extends MatSubAction
Log: Updated native class 'Class Engine.SubActionFade'
Log: FactoryCreateText: Class with ClassFactoryUC (0 1 ..\Engine\Classes\SubActionFOV.uc)
Log: Class: SubActionFOV extends MatSubAction
Log: Updated native class 'Class Engine.SubActionFOV'
Log: FactoryCreateText: Class with ClassFactoryUC (0 1 ..\Engine\Classes\SubActionGameSpeed.uc)
Log: Class: SubActionGameSpeed extends MatSubAction
Log: Updated native class 'Class Engine.SubActionGameSpeed'
Log: FactoryCreateText: Class with ClassFactoryUC (0 1 ..\Engine\Classes\SubActionOrientation.uc)
Log: Class: SubActionOrientation extends MatSubAction
Log: Updated native class 'Class Engine.SubActionOrientation'
Log: FactoryCreateText: Class with ClassFactoryUC (0 1 ..\Engine\Classes\SubActionSceneSpeed.uc)
Log: Class: SubActionSceneSpeed extends MatSubAction
Log: Updated native class 'Class Engine.SubActionSceneSpeed'
Log: FactoryCreateText: Class with ClassFactoryUC (0 1 ..\Engine\Classes\SubActionTrigger.uc)
Log: Class: SubActionTrigger extends MatSubAction
Log: Updated native class 'Class Engine.SubActionTrigger'
Log: FactoryCreateText: Class with ClassFactoryUC (0 1 ..\Engine\Classes\Suicided.uc)
Log: Class: Suicided extends DamageType
Log: Imported: Class Engine.Suicided
Log: FactoryCreateText: Class with ClassFactoryUC (0 1 ..\Engine\Classes\TeamInfo.uc)
Log: Class: TeamInfo extends ReplicationInfo
Log: Updated native class 'Class Engine.TeamInfo'
Log: FactoryCreateText: Class with ClassFactoryUC (0 1 ..\Engine\Classes\Teleporter.uc)
Log: Class: Teleporter extends SmallNavigationPoint
Log: Updated native class 'Class Engine.Teleporter'
Log: FactoryCreateText: Class with ClassFactoryUC (0 1 ..\Engine\Classes\TerrainInfo.uc)
Log: Class: TerrainInfo extends Info
Log: Updated native class 'Class Engine.TerrainInfo'
Log: FactoryCreateText: Class with ClassFactoryUC (0 1 ..\Engine\Classes\TerrainMaterial.uc)
Log: Class: TerrainMaterial extends RenderedMaterial
Log: Updated native class 'Class Engine.TerrainMaterial'
Log: FactoryCreateText: Class with ClassFactoryUC (0 1 ..\Engine\Classes\TexCoordSource.uc)
Log: Class: TexCoordSource extends TexModifier
Log: Updated native class 'Class Engine.TexCoordSource'
Log: FactoryCreateText: Class with ClassFactoryUC (0 1 ..\Engine\Classes\TexEnvMap.uc)
Log: Class: TexEnvMap extends TexModifier
Log: Updated native class 'Class Engine.TexEnvMap'
Log: FactoryCreateText: Class with ClassFactoryUC (0 1 ..\Engine\Classes\TexMatrix.uc)
Log: Class: TexMatrix extends TexModifier
Log: Updated native class 'Class Engine.TexMatrix'
Log: FactoryCreateText: Class with ClassFactoryUC (0 1 ..\Engine\Classes\TexModifier.uc)
Log: Class: TexModifier extends Modifier
Log: Updated native class 'Class Engine.TexModifier'
Log: FactoryCreateText: Class with ClassFactoryUC (0 1 ..\Engine\Classes\TexOscillator.uc)
Log: Class: TexOscillator extends TexModifier
Log: Updated native class 'Class Engine.TexOscillator'
Log: FactoryCreateText: Class with ClassFactoryUC (0 1 ..\Engine\Classes\TexOscillatorTriggered.uc)
Log: Class: TexOscillatorTriggered extends TexOscillator
Log: Updated native class 'Class Engine.TexOscillatorTriggered'
Log: FactoryCreateText: Class with ClassFactoryUC (0 1 ..\Engine\Classes\TexPanner.uc)
Log: Class: TexPanner extends TexModifier
Log: Updated native class 'Class Engine.TexPanner'
Log: FactoryCreateText: Class with ClassFactoryUC (0 1 ..\Engine\Classes\TexPannerTriggered.uc)
Log: Class: TexPannerTriggered extends TexPanner
Log: Updated native class 'Class Engine.TexPannerTriggered'
Log: FactoryCreateText: Class with ClassFactoryUC (0 1 ..\Engine\Classes\TexRotator.uc)
Log: Class: TexRotator extends TexModifier
Log: Updated native class 'Class Engine.TexRotator'
Log: FactoryCreateText: Class with ClassFactoryUC (0 1 ..\Engine\Classes\TexScaler.uc)
Log: Class: TexScaler extends TexModifier
Log: Updated native class 'Class Engine.TexScaler'
Log: FactoryCreateText: Class with ClassFactoryUC (0 1 ..\Engine\Classes\Texture.uc)
Log: Class: Texture extends BitmapMaterial
Log: Updated native class 'Class Engine.Texture'
Log: FactoryCreateText: Class with ClassFactoryUC (0 1 ..\Engine\Classes\TrailEmitter.uc)
Log: Class: TrailEmitter extends ParticleEmitter
Log: Updated native class 'Class Engine.TrailEmitter'
Log: FactoryCreateText: Class with ClassFactoryUC (0 1 ..\Engine\Classes\Trigger.uc)
Log: Class: Trigger extends Triggers
Log: Updated native class 'Class Engine.Trigger'
Log: FactoryCreateText: Class with ClassFactoryUC (0 1 ..\Engine\Classes\Triggers.uc)
Log: Class: Triggers extends Actor
Log: Updated native class 'Class Engine.Triggers'
Log: FactoryCreateText: Class with ClassFactoryUC (0 1 ..\Engine\Classes\UserDefinableMaterial.uc)
Log: Class: UserDefinableMaterial extends Material
Log: Imported: Class Engine.UserDefinableMaterial
Log: FactoryCreateText: Class with ClassFactoryUC (0 1 ..\Engine\Classes\UseTrigger.uc)
Log: Class: UseTrigger extends Triggers
Log: Imported: Class Engine.UseTrigger
Log: FactoryCreateText: Class with ClassFactoryUC (0 1 ..\Engine\Classes\Vehicle.uc)
Log: Class: Vehicle extends Pawn
Log: Updated native class 'Class Engine.Vehicle'
Log: FactoryCreateText: Class with ClassFactoryUC (0 1 ..\Engine\Classes\VehiclePart.uc)
Log: Class: VehiclePart extends Actor
Log: Updated native class 'Class Engine.VehiclePart'
Log: FactoryCreateText: Class with ClassFactoryUC (0 1 ..\Engine\Classes\VertexColor.uc)
Log: Class: VertexColor extends RenderedMaterial
Log: Updated native class 'Class Engine.VertexColor'
Log: FactoryCreateText: Class with ClassFactoryUC (0 1 ..\Engine\Classes\VertMeshEmitter.uc)
Log: Class: VertMeshEmitter extends ParticleEmitter
Log: Updated native class 'Class Engine.VertMeshEmitter'
Log: FactoryCreateText: Class with ClassFactoryUC (0 1 ..\Engine\Classes\ViewportWindowController.uc)
Log: Class: ViewportWindowController extends Actor
Log: Imported: Class Engine.ViewportWindowController
Log: FactoryCreateText: Class with ClassFactoryUC (0 1 ..\Engine\Classes\Vignette.uc)
Log: Class: Vignette extends Actor
Log: Updated native class 'Class Engine.Vignette'
Log: FactoryCreateText: Class with ClassFactoryUC (0 1 ..\Engine\Classes\VoicePack.uc)
Log: Class: VoicePack extends Info
Log: Imported: Class Engine.VoicePack
Log: FactoryCreateText: Class with ClassFactoryUC (0 1 ..\Engine\Classes\Volume.uc)
Log: Class: Volume extends Brush
Log: Updated native class 'Class Engine.Volume'
Log: FactoryCreateText: Class with ClassFactoryUC (0 1 ..\Engine\Classes\VolumeTimer.uc)
Log: Class: VolumeTimer extends info
Log: Imported: Class Engine.VolumeTimer
Log: FactoryCreateText: Class with ClassFactoryUC (0 1 ..\Engine\Classes\WarpZoneInfo.uc)
Log: Class: WarpZoneInfo extends ZoneInfo
Log: Updated native class 'Class Engine.WarpZoneInfo'
Log: FactoryCreateText: Class with ClassFactoryUC (0 1 ..\Engine\Classes\WarpZoneMarker.uc)
Log: Class: WarpZoneMarker extends SmallNavigationPoint
Log: Updated native class 'Class Engine.WarpZoneMarker'
Log: FactoryCreateText: Class with ClassFactoryUC (0 1 ..\Engine\Classes\Weapon.uc)
Log: Class: Weapon extends Inventory
Log: Updated native class 'Class Engine.Weapon'
Log: FactoryCreateText: Class with ClassFactoryUC (0 1 ..\Engine\Classes\WeaponAttachment.uc)
Log: Class: WeaponAttachment extends InventoryAttachment
Log: Updated native class 'Class Engine.WeaponAttachment'
Log: FactoryCreateText: Class with ClassFactoryUC (0 1 ..\Engine\Classes\WeaponFire.uc)
Log: Class: WeaponFire extends Actor
Log: Updated native class 'Class Engine.WeaponFire'
Log: FactoryCreateText: Class with ClassFactoryUC (0 1 ..\Engine\Classes\WeaponPickup.uc)
Log: Class: WeaponPickup extends Pickup
Log: Imported: Class Engine.WeaponPickup
Log: FactoryCreateText: Class with ClassFactoryUC (0 1 ..\Engine\Classes\XAdminBase.uc)
Log: Class: xAdminBase extends object
Log: Imported: Class Engine.XAdminBase
Log: FactoryCreateText: Class with ClassFactoryUC (0 1 ..\Engine\Classes\xAdminConfigBase.uc)
Log: Class: xAdminConfigBase extends xAdminBase
Log: Imported: Class Engine.xAdminConfigBase
Log: FactoryCreateText: Class with ClassFactoryUC (0 1 ..\Engine\Classes\xAdminGroup.uc)
Log: Class: xAdminGroup extends xAdminBase
Log: Imported: Class Engine.xAdminGroup
Log: FactoryCreateText: Class with ClassFactoryUC (0 1 ..\Engine\Classes\xAdminGroupList.uc)
Log: Class: xAdminGroupList extends xAdminBase
Log: Imported: Class Engine.xAdminGroupList
Log: FactoryCreateText: Class with ClassFactoryUC (0 1 ..\Engine\Classes\xAdminUser.uc)
Log: Class: xAdminUser extends xAdminBase
Log: Imported: Class Engine.xAdminUser
Log: FactoryCreateText: Class with ClassFactoryUC (0 1 ..\Engine\Classes\xAdminUserList.uc)
Log: Class: xAdminUserList extends xAdminBase
Log: Imported: Class Engine.xAdminUserList
Log: FactoryCreateText: Class with ClassFactoryUC (0 1 ..\Engine\Classes\XBoxPlayerInput.uc)
Log: Class: XBoxPlayerInput extends PlayerInput
Log: Imported: Class Engine.XBoxPlayerInput
Log: FactoryCreateText: Class with ClassFactoryUC (0 1 ..\Engine\Classes\xEmitter.uc)
Log: Class: xEmitter extends Actor
Log: Updated native class 'Class Engine.xEmitter'
Log: FactoryCreateText: Class with ClassFactoryUC (0 1 ..\Engine\Classes\xMaterialController.uc)
Log: Class: xMaterialController extends Actor
Log: Imported: Class Engine.xMaterialController
Log: FactoryCreateText: Class with ClassFactoryUC (0 1 ..\Engine\Classes\xMaterialTrigger.uc)
Log: Class: xMaterialTrigger extends Actor
Log: Imported: Class Engine.xMaterialTrigger
Log: FactoryCreateText: Class with ClassFactoryUC (0 1 ..\Engine\Classes\xPickUpBase.uc)
Log: Class: xPickUpBase extends Actor
Log: Updated native class 'Class Engine.xPickUpBase'
Log: FactoryCreateText: Class with ClassFactoryUC (0 1 ..\Engine\Classes\xPrivilegeBase.uc)
Log: Class: xPrivilegeBase extends Object
Log: Imported: Class Engine.xPrivilegeBase
Log: FactoryCreateText: Class with ClassFactoryUC (0 1 ..\Engine\Classes\xProcMesh.uc)
Log: Class: xProcMesh extends Actor
Log: Updated native class 'Class Engine.xProcMesh'
Log: FactoryCreateText: Class with ClassFactoryUC (0 1 ..\Engine\Classes\xWeatherEffect.uc)
Log: Class: xWeatherEffect extends Actor
Log: Updated native class 'Class Engine.xWeatherEffect'
Log: FactoryCreateText: Class with ClassFactoryUC (0 1 ..\Engine\Classes\ZoneInfo.uc)
Log: Class: ZoneInfo extends Info
Log: Updated native class 'Class Engine.ZoneInfo'
Log: FactoryCreateText: Class with ClassFactoryUC (0 1 ..\Engine\Classes\ZoneTrigger.uc)
Log: Class: ZoneTrigger extends Trigger
Log: Imported: Class Engine.ZoneTrigger
Log: Parsing Engine
Log: Parsing GameEngine
Log: Parsing Actor
Log: FactoryCreateBinary: Texture with TextureFactory (0 0 Textures\S_Actor.pcx)
Log: Imported Texture Engine.S_Actor
Log: Parsing DecoVolumeObject
Log: Parsing Keypoint
Log: FactoryCreateBinary: Texture with TextureFactory (0 0 Textures\Keypoint.pcx)
Log: Imported Texture Engine.S_Keypoint
Log: Parsing DecorationList
Log: FactoryCreateBinary: Texture with TextureFactory (0 0 Textures\DecorationList.pcx)
Log: Replaced palette Palette5 with Palette3
Log: Imported Texture Engine.S_DecorationList
Log: Parsing LookTarget
Log: FactoryCreateBinary: Texture with TextureFactory (0 0 Textures\LookTarget.pcx)
Log: Imported Texture Engine.S_LookTarget
Log: Parsing AIScript
Log: FactoryCreateBinary: Texture with TextureFactory (0 0 Textures\AIScript.pcx)
Log: Imported Texture Engine.S_AIScript
Log: Parsing InterpolationPoint
Log: FactoryCreateBinary: Texture with TextureFactory (0 0 Textures\InterpolationPoint.pcx)
Log: Imported Texture Engine.S_Interp
Log: Parsing AmbientSound
Log: FactoryCreateBinary: Texture with TextureFactory (0 0 Textures\Ambient.pcx)
Log: Imported Texture Engine.S_Ambient
Log: Parsing PolyMarker
Log: FactoryCreateBinary: Texture with TextureFactory (0 0 Textures\S_PolyMarker.pcx)
Log: Replaced palette Palette15 with Palette13
Log: Imported Texture Engine.S_PolyMarker
Log: Parsing ClipMarker
Log: FactoryCreateBinary: Texture with TextureFactory (0 0 Textures\S_ClipMarker.pcx)
Log: Replaced palette Palette17 with Palette13
Log: Imported Texture Engine.S_ClipMarker
Log: FactoryCreateBinary: Texture with TextureFactory (0 0 Textures\S_ClipMarker1.pcx)
Log: Replaced palette Palette19 with Palette13
Log: Imported Texture Engine.S_ClipMarker1
Log: FactoryCreateBinary: Texture with TextureFactory (0 0 Textures\S_ClipMarker2.pcx)
Log: Replaced palette Palette21 with Palette13
Log: Imported Texture Engine.S_ClipMarker2
Log: FactoryCreateBinary: Texture with TextureFactory (0 0 Textures\S_ClipMarker3.pcx)
Log: Replaced palette Palette23 with Palette13
Log: Imported Texture Engine.S_ClipMarker3
Log: Parsing Info
Log: Parsing TerrainInfo
Log: FactoryCreateBinary: Texture with TextureFactory (0 0 Textures\Terrain_info.pcx)
Log: Imported Texture Engine.S_TerrainInfo
Log: FactoryCreateBinary: Texture with TextureFactory (0 0 Textures\S_WhiteCircle.pcx)
Log: Replaced palette Palette27 with Palette3
Log: Imported Texture Engine.S_WhiteCircle
Log: FactoryCreateBinary: Texture with TextureFactory (0 0 Textures\Bad.pcx)
Log: Imported Texture Engine.TerrainBad
Log: FactoryCreateBinary: Texture with TextureFactory (0 0 Textures\DecoPaint.pcx)
Log: Imported Texture Engine.DecoPaint
Log: Parsing Security
Log: Parsing SceneManager
Log: FactoryCreateBinary: Texture with TextureFactory (0 0 Textures\SceneManager.pcx)
Log: Imported Texture Engine.S_SceneManager
Log: FactoryCreateBinary: Texture with TextureFactory (0 0 Textures\S_MatineeIP.pcx)
Log: Imported Texture Engine.S_MatineeIP
Log: FactoryCreateBinary: Texture with TextureFactory (0 0 Textures\S_MatineeIPSel.pcx)
Log: Replaced palette Palette37 with Palette35
Log: Imported Texture Engine.S_MatineeIPSel
Log: FactoryCreateBinary: Texture with TextureFactory (0 0 Textures\S_MatineeTimeMarker.pcx)
Log: Imported Texture Engine.S_MatineeTimeMarker
Log: FactoryCreateBinary: Texture with TextureFactory (0 0 Textures\ActionCamMove.pcx)
Log: Imported Texture Engine.S_ActionCamMove
Log: FactoryCreateBinary: Texture with TextureFactory (0 0 Textures\ActionCamPause.pcx)
Log: Imported Texture Engine.S_ActionCamPause
Log: FactoryCreateBinary: Texture with TextureFactory (0 0 Textures\PathLinear.pcx)
Log: Replaced palette Palette45 with Palette3
Log: Imported Texture Engine.S_PathLinear
Log: FactoryCreateBinary: Texture with TextureFactory (0 0 Textures\PathBezier.pcx)
Log: Replaced palette Palette47 with Palette3
Log: Imported Texture Engine.S_PathBezier
Log: FactoryCreateBinary: Texture with TextureFactory (0 0 Textures\S_BezierHandle.pcx)
Log: Replaced palette Palette49 with Palette3
Log: Imported Texture Engine.S_BezierHandle
Log: FactoryCreateBinary: Texture with TextureFactory (0 0 Textures\SubActionIndicator.pcx)
Log: Imported Texture Engine.SubActionIndicator
Log: Parsing FluidSurfaceInfo
Log: FactoryCreateBinary: Texture with TextureFactory (0 0 Textures\S_FluidSurf.pcx)
Log: Imported Texture Engine.S_FluidSurf
Log: Parsing GameInfo
Log: Parsing Mutator
Log: Parsing ReplicationInfo
Log: Parsing TeamInfo
Log: Parsing GameReplicationInfo
Log: Parsing PlayerReplicationInfo
Log: Parsing PotentialClimbWatcher
Log: Parsing InternetInfo
Log: Parsing SavedMove
Log: Parsing ZoneInfo
Log: FactoryCreateBinary: Texture with TextureFactory (0 0 Textures\ZoneInfo.pcx)
Log: Replaced palette Palette55 with Palette3
Log: Imported Texture Engine.S_ZoneInfo
Log: Parsing WarpZoneInfo
Log: Parsing SkyZoneInfo
Log: Parsing LevelInfo
Log: Shelling xDxTex.exe "C:\Users\Shane\Documents\GitHub\Interface\Engine\Textures\WireframeTexture.tga" -m DXT1 "C:\Users\Shane\Documents\GitHub\Interface\Engine\Textures\WireframeTexture.dds"
Log: *** Error spawning xDxTex.exe errno: 2
Log: FactoryCreateBinary: Texture with TextureFactory (0 0 Textures\WireframeTexture.tga)
Log: Imported Texture Engine.WireframeTexture
Log: FactoryCreateBinary: Texture with TextureFactory (0 0 Textures\WhiteSquareTexture.pcx)
Log: Replaced palette Palette57 with Palette31
Log: Imported Texture Engine.WhiteSquareTexture
Log: Shelling xDxTex.exe "C:\Users\Shane\Documents\GitHub\Interface\Engine\Textures\S_Vertex.tga" -m DXT1 "C:\Users\Shane\Documents\GitHub\Interface\Engine\Textures\S_Vertex.dds"
Log: *** Error spawning xDxTex.exe errno: 2
Log: FactoryCreateBinary: Texture with TextureFactory (0 0 Textures\S_Vertex.tga)
Log: Imported Texture Engine.LargeVertex
Log: Parsing GameStats
Log: Parsing FileLog
Log: Parsing AccessControl
Log: Parsing BroadcastHandler
Log: Parsing LocalMessage
Log: Parsing FailedConnect
Log: Parsing GameMessage
Log: Parsing GameRules
Log: Parsing L2FogInfo
Log: Parsing MapList
Log: Parsing ScoreBoard
Log: Parsing VoicePack
Log: Parsing VolumeTimer
Log: Parsing StaticMeshActor
Log: Parsing L2MovableStaticMeshActor
Log: Parsing MatDemoActor
Log: Parsing Projector
Log: FactoryCreateBinary: Texture with TextureFactory (0 0 Textures\Proj_IconMasked.pcx)
Log: Imported Texture Engine.Proj_Icon
Log: Shelling xDxTex.exe "C:\Users\Shane\Documents\GitHub\Interface\Engine\Textures\GRADIENT_Fade.tga" DXT3 "C:\Users\Shane\Documents\GitHub\Interface\Engine\Textures\GRADIENT_Fade.dds"
Log: *** Error spawning xDxTex.exe errno: 2
Log: FactoryCreateBinary: Texture with TextureFactory (0 0 Textures\GRADIENT_Fade.tga)
Log: Imported Texture Engine.GRADIENT_Fade
Log: Shelling xDxTex.exe "C:\Users\Shane\Documents\GitHub\Interface\Engine\Textures\GRADIENT_Clip.tga" DXT3 "C:\Users\Shane\Documents\GitHub\Interface\Engine\Textures\GRADIENT_Clip.dds"
Log: *** Error spawning xDxTex.exe errno: 2
Log: FactoryCreateBinary: Texture with TextureFactory (0 0 Textures\GRADIENT_Clip.tga)
Log: Imported Texture Engine.GRADIENT_Clip
Log: Parsing DynamicProjector
Log: Parsing MarkProjector
Log: Parsing ShadowProjector
Log: Parsing Pawn
Log: FactoryCreateBinary: Texture with TextureFactory (0 0 Textures\Pawn.pcx)
Log: Replaced palette Palette61 with Palette3
Log: Imported Texture Engine.S_Pawn
Log: Parsing Vehicle
Log: Parsing Scout
Log: Parsing KVehicle
Log: Parsing NAgathion
Log: Parsing Emitter
Log: FactoryCreateBinary: Texture with TextureFactory (0 0 Textures\S_Emitter.pcx)
Log: Imported Texture Engine.S_Emitter
Log: Parsing L2Indicator
Log: Parsing NCubics
Log: Parsing NProjectile
Log: Parsing NSkillProjectile
Log: Parsing Mover
Log: Parsing PrecacheHack
Log: Parsing FluidSurfaceOscillator
Log: FactoryCreateBinary: Texture with TextureFactory (0 0 Textures\S_FluidSurfOsc.pcx)
Log: Imported Texture Engine.S_FluidSurfOsc
Log: Parsing Triggers
Log: Parsing AvoidMarker
Log: Parsing LineOfSightTrigger
Log: Parsing Trigger
Log: FactoryCreateBinary: Texture with TextureFactory (0 0 Textures\Trigger.pcx)
Log: Replaced palette Palette67 with Palette3
Log: Imported Texture Engine.S_Trigger
Log: Parsing ZoneTrigger
Log: Parsing MaterialTrigger
Log: FactoryCreateBinary: Texture with TextureFactory (0 0 Textures\MaterialTrigger.pcx)
Log: Replaced palette Palette69 with Palette3
Log: Imported Texture Engine.S_MaterialTrigger
Log: Parsing MusicTrigger
Log: Parsing UseTrigger
Log: Parsing NavigationPoint
Log: FactoryCreateBinary: Texture with TextureFactory (0 0 Textures\S_Pickup.pcx)
Log: Replaced palette Palette71 with Palette1
Log: Imported Texture Engine.S_Pickup
Log: FactoryCreateBinary: Texture with TextureFactory (0 0 Textures\SpwnAI.pcx)
Log: Replaced palette Palette73 with Palette3
Log: Imported Texture Engine.S_NavP
Log: FactoryCreateBinary: Texture with TextureFactory (0 0 Textures\SiteLite.pcx)
Log: Replaced palette Palette75 with Palette3
Log: Imported Texture Engine.S_Alarm
Log: Parsing JumpDest
Log: Parsing JumpPad
Log: Parsing Door
Log: FactoryCreateBinary: Texture with TextureFactory (0 0 Textures\Door.pcx)
Log: Imported Texture Engine.S_Door
Log: Parsing AutoDoor
Log: Parsing SmallNavigationPoint
Log: Parsing Ladder
Log: FactoryCreateBinary: Texture with TextureFactory (0 0 Textures\Ladder.pcx)
Log: Imported Texture Engine.S_Ladder
Log: Parsing AutoLadder
Log: Parsing WarpZoneMarker
Log: Parsing AIMarker
Log: Parsing InventorySpot
Log: Parsing PlayerStart
Log: FactoryCreateBinary: Texture with TextureFactory (0 0 Textures\S_Player.pcx)
Log: Replaced palette Palette81 with Palette1
Log: Imported Texture Engine.S_Player
Log: Parsing Teleporter
Log: FactoryCreateBinary: Texture with TextureFactory (0 0 Textures\Teleport.pcx)
Log: Replaced palette Palette83 with Palette3
Log: Imported Texture Engine.S_Teleport
Log: Parsing LiftExit
Log: FactoryCreateBinary: Texture with TextureFactory (0 0 Textures\Lift_exit.pcx)
Log: Replaced palette Palette85 with Palette25
Log: Imported Texture Engine.S_LiftExit
Log: Parsing LiftCenter
Log: FactoryCreateBinary: Texture with TextureFactory (0 0 Textures\Lift_center.pcx)
Log: Replaced palette Palette87 with Palette25
Log: Imported Texture Engine.S_LiftCenter
Log: Parsing PathNode
Log: Parsing AntiPortalActor
Log: Parsing InventoryAttachment
Log: Parsing WeaponAttachment
Log: Parsing Brush
Log: Parsing Volume
Log: Parsing BlockingVolume
Log: Parsing PhysicsVolume
Log: Parsing LadderVolume
Log: Parsing DefaultPhysicsVolume
Log: Parsing DamageType
Log: Parsing Crushed
Log: Parsing DamTypeTelefragged
Log: Parsing fell
Log: Parsing FellLava
Log: Parsing Gibbed
Log: Parsing Suicided
Log: Parsing VehiclePart
Log: Parsing Controller
Log: Parsing PlayerController
Log: Parsing Camera
Log: FactoryCreateBinary: Texture with TextureFactory (0 0 Textures\S_Camera.pcx)
Log: Replaced palette Palette89 with Palette1
Log: Imported Texture Engine.S_Camera
Log: Parsing MessagingSpectator
Log: Parsing DemoRecSpectator
Log: Parsing AIController
Log: Parsing Inventory
Log: FactoryCreateBinary: Texture with TextureFactory (0 0 Textures\Inventry.pcx)
Log: Replaced palette Palette91 with Palette3
Log: Imported Texture Engine.S_Inventory
Log: Parsing Ammunition
Log: Parsing Powerups
Log: Parsing Armor
Log: Parsing Weapon
Log: Shelling xDxTex.exe "C:\Users\Shane\Documents\GitHub\Interface\Engine\Textures\Weapon.tga" DXT1 "C:\Users\Shane\Documents\GitHub\Interface\Engine\Textures\Weapon.dds"
Log: *** Error spawning xDxTex.exe errno: 2
Log: FactoryCreateBinary: Texture with TextureFactory (0 0 Textures\Weapon.tga)
Log: Imported Texture Engine.S_Weapon
Log: Parsing Pickup
Log: Parsing Ammo
Log: FactoryCreateBinary: Texture with TextureFactory (0 0 Textures\Ammo.pcx)
Log: Replaced palette Palette93 with Palette13
Log: Imported Texture Engine.S_Ammo
Log: Parsing ArmorPickup
Log: Parsing WeaponPickup
Log: Parsing HUD
Log: Parsing Projectile
Log: Parsing Decoration
Log: Parsing Vignette
Log: Parsing Note
Log: FactoryCreateBinary: Texture with TextureFactory (0 0 Textures\Note.pcx)
Log: Replaced palette Palette95 with Palette3
Log: Imported Texture Engine.S_Note
Log: Parsing WeaponFire
Log: Parsing Light
Log: FactoryCreateBinary: Texture with TextureFactory (0 0 Textures\S_Light.pcx)
Log: Imported Texture Engine.S_Light
Log: Parsing KActor
Log: Parsing KTire
Log: Parsing KConstraint
Log: FactoryCreateBinary: Texture with TextureFactory (0 0 Textures\S_KConstraint.pcx)
Log: Imported Texture Engine.S_KConstraint
Log: Parsing KCarWheelJoint
Log: Parsing KConeLimit
Log: FactoryCreateBinary: Texture with TextureFactory (0 0 Textures\S_KConeLimit.pcx)
Log: Replaced palette Palette101 with Palette99
Log: Imported Texture Engine.S_KConeLimit
Log: Parsing KHinge
Log: FactoryCreateBinary: Texture with TextureFactory (0 0 Textures\S_KHinge.pcx)
Log: Replaced palette Palette103 with Palette99
Log: Imported Texture Engine.S_KHinge
Log: Parsing KBSJoint
Log: FactoryCreateBinary: Texture with TextureFactory (0 0 Textures\S_KBSJoint.pcx)
Log: Replaced palette Palette105 with Palette99
Log: Imported Texture Engine.S_KBSJoint
Log: Parsing xWeatherEffect
Log: Shelling xDxTex.exe "C:\Users\Shane\Documents\GitHub\Interface\Engine\Textures\S_Wind.tga" DXT1 "C:\Users\Shane\Documents\GitHub\Interface\Engine\Textures\S_Wind.dds"
Log: *** Error spawning xDxTex.exe errno: 2
Log: FactoryCreateBinary: Texture with TextureFactory (0 0 Textures\S_Wind.tga)
Log: Imported Texture Engine.S_Wind
Log: Parsing xProcMesh
Log: Parsing xPickUpBase
Log: Parsing xEmitter
Log: Shelling xDxTex.exe "C:\Users\Shane\Documents\GitHub\Interface\Engine\Textures\S_Emitter.tga" DXT1 "C:\Users\Shane\Documents\GitHub\Interface\Engine\Textures\S_Emitter.dds"
Log: *** Error spawning xDxTex.exe errno: 2
Log: FactoryCreateBinary: Texture with TextureFactory (0 0 Textures\S_Emitter.tga)
Log: Imported Texture Engine.S_Emitter
Log: Parsing CarriedObject
Log: Parsing Decal
Log: Parsing Effects
Log: Parsing Fragment
Log: Parsing KVehicleFactory
Log: FactoryCreateBinary: Texture with TextureFactory (0 0 Textures\S_KVehFact.pcx)
Log: Imported Texture Engine.S_KVehFact
Log: Parsing L2Alarm
Log: Parsing L2CenterdDiamond
Log: Parsing L2Dice
Log: Parsing L2Float
Log: Parsing L2NMover
Log: Parsing NLine
Log: Parsing NMoon
Log: Parsing ViewportWindowController
Log: Parsing xMaterialController
Log: Parsing xMaterialTrigger
Log: Parsing ParticleEmitter
Log: Parsing VertMeshEmitter
Log: Parsing TrailEmitter
Log: Parsing SpriteEmitter
Log: Parsing SparkEmitter
Log: Parsing MeshEmitter
Log: Parsing BeamEmitter
Log: Parsing Material
Log: FactoryCreateBinary: Texture with TextureFactory (0 0 Textures\DefaultTexture.pcx)
Log: Imported Texture Engine.DefaultTexture
Log: Parsing RenderedMaterial
Log: Parsing BitmapMaterial
Log: Parsing Texture
Log: Parsing Cubemap
Log: Parsing RealtimeGenerationTexture
Log: Parsing ColorMask
Log: Parsing ColorWheel
Log: Parsing MaskTexture
Log: Parsing ShadowBitmapMaterial
Log: Shelling xDxTex.exe "C:\Users\Shane\Documents\GitHub\Interface\Engine\Textures\blobshadow.tga" -m DXT3 "C:\Users\Shane\Documents\GitHub\Interface\Engine\Textures\blobshadow.dds"
Log: *** Error spawning xDxTex.exe errno: 2
Log: FactoryCreateBinary: Texture with TextureFactory (0 0 Textures\blobshadow.tga)
Log: Imported Texture Engine.BlobTexture
Log: Parsing ScriptedTexture
Log: Parsing TerrainMaterial
Log: Parsing ProjectorMaterial
Log: Parsing ParticleMaterial
Log: Parsing VertexColor
Log: Parsing ConstantMaterial
Log: Parsing FadeColor
Log: Parsing ConstantColor
Log: Parsing Shader
Log: Parsing Modifier
Log: Parsing OpacityModifier
Log: Parsing MaterialSequence
Log: Parsing MaterialSwitch
Log: Parsing FinalBlend
Log: Parsing TexModifier
Log: Parsing TexCoordSource
Log: Parsing TexMatrix
Log: Parsing TexEnvMap
Log: Parsing TexOscillator
Log: Parsing TexOscillatorTriggered
Log: Parsing TexRotator
Log: Parsing TexScaler
Log: Parsing TexPanner
Log: Parsing TexPannerTriggered
Log: Parsing ColorModifier
Log: Parsing GlowModifier
Log: Parsing L2ColorModifier
Log: Parsing Combiner
Log: Parsing UserDefinableMaterial
Log: Parsing Palette
Log: Parsing AnimNotify
Log: Parsing AnimNotify_MatSubAction
Log: Parsing AnimNotify_Scripted
Log: Parsing AnimNotify_Trigger
Log: Parsing AnimNotify_Script
Log: Parsing AnimNotify_Sound
Log: Parsing AnimNotify_DestroyEffect
Log: Parsing AnimNotify_Effect
Log: Parsing MatObject
Log: Parsing MatSubAction
Log: FactoryCreateBinary: Texture with TextureFactory (0 0 Textures\SubActionFOV.pcx)
Log: Imported Texture Engine.SubActionFOV
Log: FactoryCreateBinary: Texture with TextureFactory (0 0 Textures\SubActionTrigger.pcx)
Log: Imported Texture Engine.SubActionTrigger
Log: FactoryCreateBinary: Texture with TextureFactory (0 0 Textures\SubActionOrientation.pcx)
Log: Imported Texture Engine.SubActionOrientation
Log: FactoryCreateBinary: Texture with TextureFactory (0 0 Textures\SubActionFade.pcx)
Log: Imported Texture Engine.SubActionFade
Log: FactoryCreateBinary: Texture with TextureFactory (0 0 Textures\SubActionGameSpeed.pcx)
Log: Imported Texture Engine.SubActionGameSpeed
Log: FactoryCreateBinary: Texture with TextureFactory (0 0 Textures\SubActionSceneSpeed.pcx)
Log: Imported Texture Engine.SubActionSceneSpeed
Log: FactoryCreateBinary: Texture with TextureFactory (0 0 Textures\SubActionCameraShake.pcx)
Log: Replaced palette Palette123 with Palette111
Log: Imported Texture Engine.SubActionCameraShake
Log: Parsing SubActionSceneSpeed
Log: Parsing SubActionGameSpeed
Log: Parsing SubActionOrientation
Log: Parsing SubActionCameraShake
Log: Parsing SubActionFOV
Log: Parsing SubActionTrigger
Log: Parsing SubActionFade
Log: Parsing SubActionCameraEffect
Log: Parsing MatAction
Log: Parsing ActionPause
Log: Parsing ActionMoveCamera
Log: Parsing MeshObject
Log: Parsing Player
Log: Parsing PlayInfo
Log: Parsing Interactions
Log: Parsing InteractionMaster
Log: Parsing Interaction
Log: Parsing BaseGUIController
Log: Shelling xDxTex.exe "C:\Users\Shane\Documents\GitHub\Interface\Engine\Textures\White.tga" DXT1 "C:\Users\Shane\Documents\GitHub\Interface\Engine\Textures\White.dds"
Log: *** Error spawning xDxTex.exe errno: 2
Log: FactoryCreateBinary: Texture with TextureFactory (0 0 Textures\White.tga)
Log: Imported Texture Engine.MenuWhite
Log: Shelling xDxTex.exe "C:\Users\Shane\Documents\GitHub\Interface\Engine\Textures\Black.tga" DXT1 "C:\Users\Shane\Documents\GitHub\Interface\Engine\Textures\Black.dds"
Log: *** Error spawning xDxTex.exe errno: 2
Log: FactoryCreateBinary: Texture with TextureFactory (0 0 Textures\Black.tga)
Log: Imported Texture Engine.MenuBlack
Log: Shelling xDxTex.exe "C:\Users\Shane\Documents\GitHub\Interface\Engine\Textures\Gray.tga" DXT1 "C:\Users\Shane\Documents\GitHub\Interface\Engine\Textures\Gray.dds"
Log: *** Error spawning xDxTex.exe errno: 2
Log: FactoryCreateBinary: Texture with TextureFactory (0 0 Textures\Gray.tga)
Log: Imported Texture Engine.MenuGray
Log: Parsing Console
Log: Parsing AdminBase
Log: Parsing Admin
Log: Parsing PlayerInput
Log: Parsing XBoxPlayerInput
Log: Parsing CheatManager
Log: Parsing Canvas
Log: Shelling xDxTex.exe "C:\Users\Shane\Documents\GitHub\Interface\Engine\Textures\White.tga" DXT1 "C:\Users\Shane\Documents\GitHub\Interface\Engine\Textures\White.dds"
Log: *** Error spawning xDxTex.exe errno: 2
Log: FactoryCreateBinary: Texture with TextureFactory (0 0 Textures\White.tga)
Log: Imported Texture Engine.WhiteTexture
Log: Shelling xDxTex.exe "C:\Users\Shane\Documents\GitHub\Interface\Engine\Textures\Black.tga" DXT1 "C:\Users\Shane\Documents\GitHub\Interface\Engine\Textures\Black.dds"
Log: *** Error spawning xDxTex.exe errno: 2
Log: FactoryCreateBinary: Texture with TextureFactory (0 0 Textures\Black.tga)
Log: Imported Texture Engine.BlackTexture
Log: Shelling xDxTex.exe "C:\Users\Shane\Documents\GitHub\Interface\Engine\Textures\Gray.tga" DXT1 "C:\Users\Shane\Documents\GitHub\Interface\Engine\Textures\Gray.dds"
Log: *** Error spawning xDxTex.exe errno: 2
Log: FactoryCreateBinary: Texture with TextureFactory (0 0 Textures\Gray.tga)
Log: Imported Texture Engine.GrayTexture
Log: FactoryCreateBinary: Font with FontFactory (0 0 Textures\SmallFont.bmp)
Log: Parsing CameraEffect
Log: Parsing CameraOverlay
Log: Parsing MotionBlur
Log: Parsing I3DL2Listener
Log: Parsing Sound
Log: Parsing SoundGroup
Log: Parsing ProceduralSound
Log: Parsing GameProfile
Log: Parsing Manifest
Log: Parsing LogEntry
Log: Parsing LevelSummary
Log: Parsing ReachSpec
Log: Parsing Spline
Log: Parsing KarmaParamsCollision
Log: Parsing KarmaParams
Log: Parsing KarmaParamsSkel
Log: Parsing KarmaParamsRBFull
Log: Parsing Bitmap
Log: Parsing ExtraMeshData
Log: Parsing L2EffectEmitter
Log: Parsing L2SkillEffect
Log: Parsing LadderInfo
Log: Parsing MatchInfo
Log: Parsing MeshComponent
Log: Parsing MeshContainer
Log: Parsing ObjectPool
Log: Parsing PawnSheathingMgr
Log: Parsing Resource
Log: Parsing SimulationCollision
Log: Parsing XAdminBase
Log: Parsing xAdminConfigBase
Log: Parsing xAdminGroup
Log: Parsing xAdminGroupList
Log: Parsing xAdminUser
Log: Parsing xAdminUserList
Log: Parsing xPrivilegeBase
Log: Compiling Engine
Log: Compiling GameEngine
Log: Compiling Actor
Log: Compiling DecoVolumeObject
Log: Compiling Keypoint
Log: Compiling DecorationList
Log: Compiling LookTarget
Log: Compiling AIScript
Log: Compiling InterpolationPoint
Log: Compiling AmbientSound
Log: Compiling PolyMarker
Log: Compiling ClipMarker
Log: Compiling Info
Log: Compiling TerrainInfo
Log: Compiling Security
Log: Compiling SceneManager
Log: Compiling FluidSurfaceInfo
Log: Compiling Mutator
Log: Compiling ReplicationInfo
Log: Compiling TeamInfo
Log: Compiling GameReplicationInfo
Log: Compiling PlayerReplicationInfo
Log: Compiling PotentialClimbWatcher
Log: Compiling InternetInfo
Log: Compiling SavedMove
Log: Compiling ZoneInfo
Log: Compiling WarpZoneInfo
Log: Compiling SkyZoneInfo
Log: Compiling LevelInfo
Log: Compiling GameInfo
Log: Compiling GameStats
Log: Compiling FileLog
Log: Compiling AccessControl
Log: Compiling BroadcastHandler
Log: Compiling LocalMessage
Log: Compiling FailedConnect
Log: Compiling GameMessage
Log: Compiling GameRules
Log: Compiling L2FogInfo
Log: Compiling MapList
Log: Compiling ScoreBoard
Log: Compiling VoicePack
Log: Compiling VolumeTimer
Log: Compiling StaticMeshActor
Log: Compiling L2MovableStaticMeshActor
Log: Compiling MatDemoActor
Log: Compiling Projector
Log: Compiling DynamicProjector
Log: Compiling MarkProjector
Log: Compiling ShadowProjector
Log: Compiling Pawn
Log: Compiling Vehicle
Log: Compiling Scout
Log: Compiling KVehicle
Log: Compiling NAgathion
Log: Compiling Emitter
Log: Compiling L2Indicator
Log: Compiling NCubics
Log: Compiling NProjectile
Log: Compiling NSkillProjectile
Log: Compiling Mover
Log: Compiling PrecacheHack
Log: Compiling FluidSurfaceOscillator
Log: Compiling Triggers
Log: Compiling AvoidMarker
Log: Compiling LineOfSightTrigger
Log: Compiling Trigger
Log: Compiling ZoneTrigger
Log: Compiling MaterialTrigger
Log: Compiling MusicTrigger
Log: Compiling UseTrigger
Log: Compiling NavigationPoint
Log: Compiling JumpDest
Log: Compiling JumpPad
Log: Compiling Door
Log: Compiling AutoDoor
Log: Compiling SmallNavigationPoint
Log: Compiling Ladder
Log: Compiling AutoLadder
Log: Compiling WarpZoneMarker
Log: Compiling AIMarker
Log: Compiling InventorySpot
Log: Compiling PlayerStart
Log: Compiling Teleporter
Log: Compiling LiftExit
Log: Compiling LiftCenter
Log: Compiling PathNode
Log: Compiling AntiPortalActor
Log: Compiling InventoryAttachment
Log: Compiling WeaponAttachment
Log: Compiling Brush
Log: Compiling Volume
Log: Compiling BlockingVolume
Log: Compiling PhysicsVolume
Log: Compiling LadderVolume
Log: Compiling DefaultPhysicsVolume
Log: Compiling DamageType
Log: Compiling Crushed
Log: Compiling DamTypeTelefragged
Log: Compiling fell
Log: Compiling FellLava
Log: Compiling Gibbed
Log: Compiling Suicided
Log: Compiling VehiclePart
Log: Compiling Controller
Log: Compiling PlayerController
Log: Compiling Camera
Log: Compiling MessagingSpectator
Log: Compiling DemoRecSpectator
Log: Compiling AIController
Log: Compiling Inventory
Log: Compiling Ammunition
Log: Compiling Powerups
Log: Compiling Armor
Log: Compiling Weapon
Log: Compiling Pickup
Log: Compiling Ammo
Log: Compiling ArmorPickup
Log: Compiling WeaponPickup
Log: Compiling HUD
Log: Compiling Projectile
Log: Compiling Decoration
Log: Compiling Vignette
Log: Compiling Note
Log: Compiling WeaponFire
Log: Compiling Light
Log: Compiling KActor
Log: Compiling KTire
Log: Compiling KConstraint
Log: Compiling KCarWheelJoint
Log: Compiling KConeLimit
Log: Compiling KHinge
Log: Compiling KBSJoint
Log: Compiling xWeatherEffect
Log: Compiling xProcMesh
Log: Compiling xPickUpBase
Log: Compiling xEmitter
Log: Compiling CarriedObject
Log: Compiling Decal
Log: Compiling Effects
Log: Compiling Fragment
Log: Compiling KVehicleFactory
Log: Compiling L2Alarm
Log: Compiling L2CenterdDiamond
Log: Compiling L2Dice
Log: Compiling L2Float
Log: Compiling L2NMover
Log: Compiling NLine
Log: Compiling NMoon
Log: Compiling ViewportWindowController
Log: Compiling xMaterialController
Log: Compiling xMaterialTrigger
Log: Compiling ParticleEmitter
Log: Compiling VertMeshEmitter
Log: Compiling TrailEmitter
Log: Compiling SpriteEmitter
Log: Compiling SparkEmitter
Log: Compiling MeshEmitter
Log: Compiling BeamEmitter
Log: Compiling Material
Log: Compiling RenderedMaterial
Log: Compiling BitmapMaterial
Log: Compiling Texture
Log: Compiling Cubemap
Log: Compiling RealtimeGenerationTexture
Log: Compiling ColorMask
Log: Compiling ColorWheel
Log: Compiling MaskTexture
Log: Compiling ShadowBitmapMaterial
Log: Compiling ScriptedTexture
Log: Compiling TerrainMaterial
Log: Compiling ProjectorMaterial
Log: Compiling ParticleMaterial
Log: Compiling VertexColor
Log: Compiling ConstantMaterial
Log: Compiling FadeColor
Log: Compiling ConstantColor
Log: Compiling Shader
Log: Compiling Modifier
Log: Compiling OpacityModifier
Log: Compiling MaterialSequence
Log: Compiling MaterialSwitch
Log: Compiling FinalBlend
Log: Compiling TexModifier
Log: Compiling TexCoordSource
Log: Compiling TexMatrix
Log: Compiling TexEnvMap
Log: Compiling TexOscillator
Log: Compiling TexOscillatorTriggered
Log: Compiling TexRotator
Log: Compiling TexScaler
Log: Compiling TexPanner
Log: Compiling TexPannerTriggered
Log: Compiling ColorModifier
Log: Compiling GlowModifier
Log: Compiling L2ColorModifier
Log: Compiling Combiner
Log: Compiling UserDefinableMaterial
Log: Compiling Palette
Log: Compiling AnimNotify
Log: Compiling AnimNotify_MatSubAction
Log: Compiling AnimNotify_Scripted
Log: Compiling AnimNotify_Trigger
Log: Compiling AnimNotify_Script
Log: Compiling AnimNotify_Sound
Log: Compiling AnimNotify_DestroyEffect
Log: Compiling AnimNotify_Effect
Log: Compiling MatObject
Log: Compiling MatSubAction
Log: Compiling SubActionSceneSpeed
Log: Compiling SubActionGameSpeed
Log: Compiling SubActionOrientation
Log: Compiling SubActionCameraShake
Log: Compiling SubActionFOV
Log: Compiling SubActionTrigger
Log: Compiling SubActionFade
Log: Compiling SubActionCameraEffect
Log: Compiling MatAction
Log: Compiling ActionPause
Log: Compiling ActionMoveCamera
Log: Compiling MeshObject
Log: Compiling Player
Log: Compiling PlayInfo
Log: Compiling Interactions
Log: Compiling InteractionMaster
Log: Compiling Interaction
Log: Compiling BaseGUIController
Log: Compiling Console
Log: Compiling AdminBase
Log: Compiling Admin
Log: Compiling PlayerInput
Log: Compiling XBoxPlayerInput
Log: Compiling CheatManager
Log: Compiling Canvas
Log: Compiling CameraEffect
Log: Compiling CameraOverlay
Log: Compiling MotionBlur
Log: Compiling I3DL2Listener
Log: Compiling Sound
Log: Compiling SoundGroup
Log: Compiling ProceduralSound
Log: Compiling GameProfile
Log: Compiling Manifest
Log: Compiling LogEntry
Log: Compiling LevelSummary
Log: Compiling ReachSpec
Log: Compiling Spline
Log: Compiling KarmaParamsCollision
Log: Compiling KarmaParams
Log: Compiling KarmaParamsSkel
Log: Compiling KarmaParamsRBFull
Log: Compiling Bitmap
Log: Compiling ExtraMeshData
Log: Compiling L2EffectEmitter
Log: Compiling L2SkillEffect
Log: Compiling LadderInfo
Log: Compiling MatchInfo
Log: Compiling MeshComponent
Log: Compiling MeshContainer
Log: Compiling ObjectPool
Log: Compiling PawnSheathingMgr
Log: Compiling Resource
Log: Compiling SimulationCollision
Log: Compiling XAdminBase
Log: Compiling xAdminConfigBase
Log: Compiling xAdminGroup
Log: Compiling xAdminGroupList
Log: Compiling xAdminUser
Log: Compiling xAdminUserList
Log: Compiling xPrivilegeBase
Log: Importing Defaults for Engine
Log: Importing Defaults for GameEngine
Log: Importing Defaults for Actor
Log: Importing Defaults for DecoVolumeObject
Log: Importing Defaults for Keypoint
Log: Importing Defaults for DecorationList
Log: Importing Defaults for LookTarget
Log: Importing Defaults for AIScript
Log: Importing Defaults for InterpolationPoint
Log: Importing Defaults for AmbientSound
Log: Importing Defaults for PolyMarker
Log: Importing Defaults for ClipMarker
Log: Importing Defaults for Info
Log: Importing Defaults for TerrainInfo
Log: Importing Defaults for Security
Log: Importing Defaults for SceneManager
Log: Importing Defaults for FluidSurfaceInfo
Log: Importing Defaults for Mutator
Log: Importing Defaults for ReplicationInfo
Log: Importing Defaults for TeamInfo
Log: Importing Defaults for GameReplicationInfo
Log: Importing Defaults for PlayerReplicationInfo
Log: Importing Defaults for PotentialClimbWatcher
Log: Importing Defaults for InternetInfo
Log: Importing Defaults for SavedMove
Log: Importing Defaults for ZoneInfo
Log: Importing Defaults for WarpZoneInfo
Log: Importing Defaults for SkyZoneInfo
Log: Importing Defaults for LevelInfo
Log: Importing Defaults for GameInfo
Log: Importing Defaults for GameStats
Log: Importing Defaults for FileLog
Log: Importing Defaults for AccessControl
Log: Importing Defaults for BroadcastHandler
Log: Importing Defaults for LocalMessage
Log: Importing Defaults for FailedConnect
Log: Importing Defaults for GameMessage
Log: Importing Defaults for GameRules
Log: Importing Defaults for L2FogInfo
Log: Importing Defaults for MapList
Log: Importing Defaults for ScoreBoard
Log: Importing Defaults for VoicePack
Log: Importing Defaults for VolumeTimer
Log: Importing Defaults for StaticMeshActor
Log: Importing Defaults for L2MovableStaticMeshActor
Log: Importing Defaults for MatDemoActor
Log: Importing Defaults for Projector
Log: Importing Defaults for DynamicProjector
Log: Importing Defaults for MarkProjector
Log: Importing Defaults for ShadowProjector
Log: Importing Defaults for Pawn
Log: Importing Defaults for Vehicle
Log: Importing Defaults for Scout
Log: Importing Defaults for KVehicle
Log: Importing Defaults for NAgathion
Log: Importing Defaults for Emitter
Log: Importing Defaults for L2Indicator
Log: Importing Defaults for NCubics
Log: Importing Defaults for NProjectile
Log: Importing Defaults for NSkillProjectile
Log: Importing Defaults for Mover
Log: Importing Defaults for PrecacheHack
Log: Importing Defaults for FluidSurfaceOscillator
Log: Importing Defaults for Triggers
Log: Importing Defaults for AvoidMarker
Log: Importing Defaults for LineOfSightTrigger
Log: Importing Defaults for Trigger
Log: Importing Defaults for ZoneTrigger
Log: Importing Defaults for MaterialTrigger
Log: Importing Defaults for MusicTrigger
Log: Importing Defaults for UseTrigger
Log: Importing Defaults for NavigationPoint
Log: Importing Defaults for JumpDest
Log: Importing Defaults for JumpPad
Log: Importing Defaults for Door
Log: Importing Defaults for AutoDoor
Log: Importing Defaults for SmallNavigationPoint
Log: Importing Defaults for Ladder
Log: Importing Defaults for AutoLadder
Log: Importing Defaults for WarpZoneMarker
Log: Importing Defaults for AIMarker
Log: Importing Defaults for InventorySpot
Log: Importing Defaults for PlayerStart
Log: Importing Defaults for Teleporter
Log: Importing Defaults for LiftExit
Log: Importing Defaults for LiftCenter
Log: Importing Defaults for PathNode
Log: Importing Defaults for AntiPortalActor
Log: Importing Defaults for InventoryAttachment
Log: Importing Defaults for WeaponAttachment
Log: Importing Defaults for Brush
Log: Importing Defaults for Volume
Log: Importing Defaults for BlockingVolume
Log: Importing Defaults for PhysicsVolume
Log: Importing Defaults for LadderVolume
Log: Importing Defaults for DefaultPhysicsVolume
Log: Importing Defaults for DamageType
Log: Importing Defaults for Crushed
Log: Importing Defaults for DamTypeTelefragged
Log: Importing Defaults for fell
Log: Importing Defaults for FellLava
Log: Importing Defaults for Gibbed
Log: Importing Defaults for Suicided
Log: Importing Defaults for VehiclePart
Log: Importing Defaults for Controller
Log: Importing Defaults for PlayerController
Log: Importing Defaults for Camera
Log: Importing Defaults for MessagingSpectator
Log: Importing Defaults for DemoRecSpectator
Log: Importing Defaults for AIController
Log: Importing Defaults for Inventory
Log: Importing Defaults for Ammunition
Log: Importing Defaults for Powerups
Log: Importing Defaults for Armor
Log: Importing Defaults for Weapon
Log: Importing Defaults for Pickup
Log: Importing Defaults for Ammo
Log: Importing Defaults for ArmorPickup
Log: Importing Defaults for WeaponPickup
Log: Importing Defaults for HUD
Log: Importing Defaults for Projectile
Log: Importing Defaults for Decoration
Log: Importing Defaults for Vignette
Log: Importing Defaults for Note
Log: Importing Defaults for WeaponFire
Log: Importing Defaults for Light
Log: Importing Defaults for KActor
Log: Importing Defaults for KTire
Log: Importing Defaults for KConstraint
Log: Importing Defaults for KCarWheelJoint
Log: Importing Defaults for KConeLimit
Log: Importing Defaults for KHinge
Log: Importing Defaults for KBSJoint
Log: Importing Defaults for xWeatherEffect
Log: Importing Defaults for xProcMesh
Log: Importing Defaults for xPickUpBase
Log: Importing Defaults for xEmitter
Log: Importing Defaults for CarriedObject
Log: Importing Defaults for Decal
Log: Importing Defaults for Effects
Log: Importing Defaults for Fragment
Log: Importing Defaults for KVehicleFactory
Log: Importing Defaults for L2Alarm
Log: Importing Defaults for L2CenterdDiamond
Log: Importing Defaults for L2Dice
Log: Importing Defaults for L2Float
Log: Importing Defaults for L2NMover
Log: Importing Defaults for NLine
Log: Importing Defaults for NMoon
Log: Importing Defaults for ViewportWindowController
Log: Importing Defaults for xMaterialController
Log: Importing Defaults for xMaterialTrigger
Log: Importing Defaults for ParticleEmitter
Log: Importing Defaults for VertMeshEmitter
Log: Importing Defaults for TrailEmitter
Log: Importing Defaults for SpriteEmitter
Log: Importing Defaults for SparkEmitter
Log: Importing Defaults for MeshEmitter
Log: Importing Defaults for BeamEmitter
Log: Importing Defaults for Material
Log: Importing Defaults for RenderedMaterial
Log: Importing Defaults for BitmapMaterial
Log: Importing Defaults for Texture
Log: Importing Defaults for Cubemap
Log: Importing Defaults for RealtimeGenerationTexture
Log: Importing Defaults for ColorMask
Log: Importing Defaults for ColorWheel
Log: Importing Defaults for MaskTexture
Log: Importing Defaults for ShadowBitmapMaterial
Log: Importing Defaults for ScriptedTexture
Log: Importing Defaults for TerrainMaterial
Log: Importing Defaults for ProjectorMaterial
Log: Importing Defaults for ParticleMaterial
Log: Importing Defaults for VertexColor
Log: Importing Defaults for ConstantMaterial
Log: Importing Defaults for FadeColor
Log: Importing Defaults for ConstantColor
Log: Importing Defaults for Shader
Log: Importing Defaults for Modifier
Log: Importing Defaults for OpacityModifier
Log: Importing Defaults for MaterialSequence
Log: Importing Defaults for MaterialSwitch
Log: Importing Defaults for FinalBlend
Log: Importing Defaults for TexModifier
Log: Importing Defaults for TexCoordSource
Log: Importing Defaults for TexMatrix
Log: Importing Defaults for TexEnvMap
Log: Importing Defaults for TexOscillator
Log: Importing Defaults for TexOscillatorTriggered
Log: Importing Defaults for TexRotator
Log: Importing Defaults for TexScaler
Log: Importing Defaults for TexPanner
Log: Importing Defaults for TexPannerTriggered
Log: Importing Defaults for ColorModifier
Log: Importing Defaults for GlowModifier
Log: Importing Defaults for L2ColorModifier
Log: Importing Defaults for Combiner
Log: Importing Defaults for UserDefinableMaterial
Log: Importing Defaults for Palette
Log: Importing Defaults for AnimNotify
Log: Importing Defaults for AnimNotify_MatSubAction
Log: Importing Defaults for AnimNotify_Scripted
Log: Importing Defaults for AnimNotify_Trigger
Log: Importing Defaults for AnimNotify_Script
Log: Importing Defaults for AnimNotify_Sound
Log: Importing Defaults for AnimNotify_DestroyEffect
Log: Importing Defaults for AnimNotify_Effect
Log: Importing Defaults for MatObject
Log: Importing Defaults for MatSubAction
Log: Importing Defaults for SubActionSceneSpeed
Log: Importing Defaults for SubActionGameSpeed
Log: Importing Defaults for SubActionOrientation
Log: Importing Defaults for SubActionCameraShake
Log: Importing Defaults for SubActionFOV
Log: Importing Defaults for SubActionTrigger
Log: Importing Defaults for SubActionFade
Log: Importing Defaults for SubActionCameraEffect
Log: Importing Defaults for MatAction
Log: Importing Defaults for ActionPause
Log: Importing Defaults for ActionMoveCamera
Log: Importing Defaults for MeshObject
Log: Importing Defaults for Player
Log: Importing Defaults for PlayInfo
Log: Importing Defaults for Interactions
Log: Importing Defaults for InteractionMaster
Log: Importing Defaults for Interaction
Log: Importing Defaults for BaseGUIController
Log: Importing Defaults for Console
Log: Importing Defaults for AdminBase
Log: Importing Defaults for Admin
Log: Importing Defaults for PlayerInput
Log: Importing Defaults for XBoxPlayerInput
Log: Importing Defaults for CheatManager
Log: Importing Defaults for Canvas
Log: Importing Defaults for CameraEffect
Log: Importing Defaults for CameraOverlay
Log: Importing Defaults for MotionBlur
Log: Importing Defaults for I3DL2Listener
Log: Importing Defaults for Sound
Log: Importing Defaults for SoundGroup
Log: Importing Defaults for ProceduralSound
Log: Importing Defaults for GameProfile
Log: Importing Defaults for Manifest
Log: Importing Defaults for LogEntry
Log: Importing Defaults for LevelSummary
Log: Importing Defaults for ReachSpec
Log: Importing Defaults for Spline
Log: Importing Defaults for KarmaParamsCollision
Log: Importing Defaults for KarmaParams
Log: Importing Defaults for KarmaParamsSkel
Log: Importing Defaults for KarmaParamsRBFull
Log: Importing Defaults for Bitmap
Log: Importing Defaults for ExtraMeshData
Log: Importing Defaults for L2EffectEmitter
Log: Importing Defaults for L2SkillEffect
Log: Importing Defaults for LadderInfo
Log: Importing Defaults for MatchInfo
Log: Importing Defaults for MeshComponent
Log: Importing Defaults for MeshContainer
Log: Importing Defaults for ObjectPool
Log: Importing Defaults for PawnSheathingMgr
Log: Importing Defaults for Resource
Log: Importing Defaults for SimulationCollision
Log: Importing Defaults for XAdminBase
Log: Importing Defaults for xAdminConfigBase
Log: Importing Defaults for xAdminGroup
Log: Importing Defaults for xAdminGroupList
Log: Importing Defaults for xAdminUser
Log: Importing Defaults for xAdminUserList
Log: Importing Defaults for xPrivilegeBase
Log: Success: Compiled 47015 line(s), 8047 statement(s).

Log: Autogenerating C++ header: ..\Engine\Inc\EngineClasses.h
Log: Not replacing ..\Engine\Inc\EngineClasses.h because identical
Log: Unreal file tag: -1641380927
Log: Unreal file tag: -1641380927
Log: Save=60.667026
Log: Moving 'Save.tmp' to 'Engine.u'
Heading: ----------------------------Fire - Release----------------------------
Log: Bound to Fire.dll
Log: Unreal file tag: -1641380927
Log: Unreal file tag: -1641380927
Log: Unreal file tag: -1641380927
Log: Bad UArrayProperty destruction: ArrayProperty Engine.Actor.Skins
Log: Bad UArrayProperty destruction: ArrayProperty Engine.Actor.Skins
Log: Bad UArrayProperty destruction: ArrayProperty Engine.Actor.Skins
Log: Bad UArrayProperty destruction: ArrayProperty Engine.Actor.Skins
Log: Bad UArrayProperty destruction: ArrayProperty Engine.Actor.Skins
Log: Bad UArrayProperty destruction: ArrayProperty Engine.Actor.Skins
Log: Bad UArrayProperty destruction: ArrayProperty Engine.Actor.Skins
Log: Bad UArrayProperty destruction: ArrayProperty Engine.Actor.Skins
Log: Bad UArrayProperty destruction: ArrayProperty Engine.Actor.Skins
Log: Bad UStrProperty destruction: StrProperty Engine.Inventory.ItemName
Heading: ---------------------------Editor - Release---------------------------
Log: Unreal file tag: -1641380927
Heading: --------------------------UnrealEd - Release--------------------------
Log: Unreal file tag: -1641380927
Heading: --------------------------GamePlay - Release--------------------------
Log: Unreal file tag: -1641380927
Heading: --------------------------NWindow - Release---------------------------
Warning: Failed to load 'NWindow.u': Can't find file 'NWindow.u'
Warning: Failed loading package: Can't find file 'NWindow.u'
Log: Analyzing...
Log: FactoryCreateText: Class with ClassFactoryUC (0 1 ..\NWindow\Classes\ActionAPI.uc)
Log: Class: ActionAPI extends Object
Log: Imported: Class NWindow.ActionAPI
Log: FactoryCreateText: Class with ClassFactoryUC (0 1 ..\NWindow\Classes\AnimTextureHandle.uc)
Log: Class: AnimTextureHandle extends TextureHandle
Log: Imported: Class NWindow.AnimTextureHandle
Log: FactoryCreateText: Class with ClassFactoryUC (0 1 ..\NWindow\Classes\AuctionAPI.uc)
Log: Class: AuctionAPI extends Object
Log: Imported: Class NWindow.AuctionAPI
Log: FactoryCreateText: Class with ClassFactoryUC (0 1 ..\NWindow\Classes\AudioAPI.uc)
Log: Class: AudioAPI extends Object
Log: Imported: Class NWindow.AudioAPI
Log: FactoryCreateText: Class with ClassFactoryUC (0 1 ..\NWindow\Classes\BarHandle.uc)
Log: Class: BarHandle extends WindowHandle
Log: Imported: Class NWindow.BarHandle
Log: FactoryCreateText: Class with ClassFactoryUC (0 1 ..\NWindow\Classes\BookMarkAPI.uc)
Log: Class: BookMarkAPI extends UIEventManager
Log: Imported: Class NWindow.BookMarkAPI
Log: FactoryCreateText: Class with ClassFactoryUC (0 1 ..\NWindow\Classes\ButtonHandle.uc)
Log: Class: ButtonHandle extends WindowHandle
Log: Imported: Class NWindow.ButtonHandle
Log: FactoryCreateText: Class with ClassFactoryUC (0 1 ..\NWindow\Classes\CharacterViewportWindowHandle.uc)
Log: Class: CharacterViewportWindowHandle extends WindowHandle
Log: Imported: Class NWindow.CharacterViewportWindowHandle
Log: FactoryCreateText: Class with ClassFactoryUC (0 1 ..\NWindow\Classes\ChatWindowHandle.uc)
Log: Class: ChatWindowHandle extends TextListBoxHandle
Log: Imported: Class NWindow.ChatWindowHandle
Log: FactoryCreateText: Class with ClassFactoryUC (0 1 ..\NWindow\Classes\CheckBoxHandle.uc)
Log: Class: CheckBoxHandle extends WindowHandle
Log: Imported: Class NWindow.CheckBoxHandle
Log: FactoryCreateText: Class with ClassFactoryUC (0 1 ..\NWindow\Classes\ComboBoxHandle.uc)
Log: Class: ComboBoxHandle extends WindowHandle
Log: Imported: Class NWindow.ComboBoxHandle
Log: FactoryCreateText: Class with ClassFactoryUC (0 1 ..\NWindow\Classes\CommandChannelAPI.uc)
Log: Class: CommandChannelAPI extends Object
Log: Imported: Class NWindow.CommandChannelAPI
Log: FactoryCreateText: Class with ClassFactoryUC (0 1 ..\NWindow\Classes\DrawPanelHandle.uc)
Log: Class: DrawPanelHandle extends WindowHandle
Log: Imported: Class NWindow.DrawPanelHandle
Log: FactoryCreateText: Class with ClassFactoryUC (0 1 ..\NWindow\Classes\EditBoxHandle.uc)
Log: Class: EditBoxHandle extends WindowHandle
Log: Imported: Class NWindow.EditBoxHandle
Log: FactoryCreateText: Class with ClassFactoryUC (0 1 ..\NWindow\Classes\EnchantAPI.uc)
Log: Class: EnchantAPI extends UIEventManager
Log: Imported: Class NWindow.EnchantAPI
Log: FactoryCreateText: Class with ClassFactoryUC (0 1 ..\NWindow\Classes\EventMatchAPI.uc)
Log: Class: EventMatchAPI extends UIEventManager
Log: Imported: Class NWindow.EventMatchAPI
Log: FactoryCreateText: Class with ClassFactoryUC (0 1 ..\NWindow\Classes\FileListAPI.uc)
Log: Class: FileListAPI extends UIEventManager
Log: Imported: Class NWindow.FileListAPI
Log: FactoryCreateText: Class with ClassFactoryUC (0 1 ..\NWindow\Classes\FlashCtrlHandle.uc)
Log: Class: FlashCtrlHandle extends WindowHandle
Log: Imported: Class NWindow.FlashCtrlHandle
Log: FactoryCreateText: Class with ClassFactoryUC (0 1 ..\NWindow\Classes\GFxUIScript.uc)
Log: Class: GFxUIScript extends UIScript
Log: Imported: Class NWindow.GFxUIScript
Log: FactoryCreateText: Class with ClassFactoryUC (0 1 ..\NWindow\Classes\GMAPI.uc)
Log: Class: GMAPI extends UIEventManager
Log: Imported: Class NWindow.GMAPI
Log: FactoryCreateText: Class with ClassFactoryUC (0 1 ..\NWindow\Classes\GraphicAPI.uc)
Log: Class: GraphicAPI extends Object
Log: Imported: Class NWindow.GraphicAPI
Log: FactoryCreateText: Class with ClassFactoryUC (0 1 ..\NWindow\Classes\HennaAPI.uc)
Log: Class: HennaAPI extends Object
Log: Imported: Class NWindow.HennaAPI
Log: FactoryCreateText: Class with ClassFactoryUC (0 1 ..\NWindow\Classes\HeroTowerAPI.uc)
Log: Class: HeroTowerAPI extends Object
Log: Imported: Class NWindow.HeroTowerAPI
Log: FactoryCreateText: Class with ClassFactoryUC (0 1 ..\NWindow\Classes\HtmlHandle.uc)
Log: Class: HtmlHandle extends WindowHandle
Log: Imported: Class NWindow.HtmlHandle
Log: FactoryCreateText: Class with ClassFactoryUC (0 1 ..\NWindow\Classes\InputAPI.uc)
Log: Class: InputAPI extends UIEventManager
Log: Imported: Class NWindow.InputAPI
Log: FactoryCreateText: Class with ClassFactoryUC (0 1 ..\NWindow\Classes\ItemWindowHandle.uc)
Log: Class: ItemWindowHandle extends WindowHandle
Log: Imported: Class NWindow.ItemWindowHandle
Log: FactoryCreateText: Class with ClassFactoryUC (0 1 ..\NWindow\Classes\ListBoxHandle.uc)
Log: Class: ListBoxHandle extends WindowHandle
Log: Imported: Class NWindow.ListBoxHandle
Log: FactoryCreateText: Class with ClassFactoryUC (0 1 ..\NWindow\Classes\ListCtrlHandle.uc)
Log: Class: ListCtrlHandle extends WindowHandle
Log: Imported: Class NWindow.ListCtrlHandle
Log: FactoryCreateText: Class with ClassFactoryUC (0 1 ..\NWindow\Classes\MacroAPI.uc)
Log: Class: MacroAPI extends UIEventManager
Log: Imported: Class NWindow.MacroAPI
Log: FactoryCreateText: Class with ClassFactoryUC (0 1 ..\NWindow\Classes\MiniMapAPI.uc)
Log: Class: MiniMapAPI extends Object
Log: Imported: Class NWindow.MiniMapAPI
Log: FactoryCreateText: Class with ClassFactoryUC (0 1 ..\NWindow\Classes\MinimapCtrlHandle.uc)
Log: Class: MinimapCtrlHandle extends WIndowHandle
Log: Imported: Class NWindow.MinimapCtrlHandle
Log: FactoryCreateText: Class with ClassFactoryUC (0 1 ..\NWindow\Classes\MultiEditBoxHandle.uc)
Log: Class: MultiEditBoxHandle extends WindowHandle
Log: Imported: Class NWindow.MultiEditBoxHandle
Log: FactoryCreateText: Class with ClassFactoryUC (0 1 ..\NWindow\Classes\NameCtrlHandle.uc)
Log: Class: NameCtrlHandle extends WindowHandle
Log: Imported: Class NWindow.NameCtrlHandle
Log: FactoryCreateText: Class with ClassFactoryUC (0 1 ..\NWindow\Classes\OlympiadAPI.uc)
Log: Class: OlympiadAPI extends Object
Log: Imported: Class NWindow.OlympiadAPI
Log: FactoryCreateText: Class with ClassFactoryUC (0 1 ..\NWindow\Classes\PartyMatchAPI.uc)
Log: Class: PartyMatchAPI extends Object
Log: Imported: Class NWindow.PartyMatchAPI
Log: FactoryCreateText: Class with ClassFactoryUC (0 1 ..\NWindow\Classes\PetAPI.uc)
Log: Class: PetAPI extends UIEventManager
Log: Imported: Class NWindow.PetAPI
Log: FactoryCreateText: Class with ClassFactoryUC (0 1 ..\NWindow\Classes\PetitionAPI.uc)
Log: Class: PetitionAPI extends Object
Log: Imported: Class NWindow.PetitionAPI
Log: FactoryCreateText: Class with ClassFactoryUC (0 1 ..\NWindow\Classes\PostWndAPI.uc)
Log: Class: PostWndAPI extends UIEventManager
Log: Imported: Class NWindow.PostWndAPI
Log: FactoryCreateText: Class with ClassFactoryUC (0 1 ..\NWindow\Classes\ProgressCtrlHandle.uc)
Log: Class: ProgressCtrlHandle extends WindowHandle
Log: Imported: Class NWindow.ProgressCtrlHandle
Log: FactoryCreateText: Class with ClassFactoryUC (0 1 ..\NWindow\Classes\PropertyControllerHandle.uc)
Log: Class: PropertyControllerHandle extends WindowHandle
Log: Imported: Class NWindow.PropertyControllerHandle
Log: FactoryCreateText: Class with ClassFactoryUC (0 1 ..\NWindow\Classes\QuestAPI.uc)
Log: Class: QuestAPI extends Object
Log: Imported: Class NWindow.QuestAPI
Log: FactoryCreateText: Class with ClassFactoryUC (0 1 ..\NWindow\Classes\RadarMapCtrlHandle.uc)
Log: Class: RadarMapCtrlHandle extends WindowHandle
Log: Imported: Class NWindow.RadarMapCtrlHandle
Log: FactoryCreateText: Class with ClassFactoryUC (0 1 ..\NWindow\Classes\RadioButtonHandle.uc)
Log: Class: RadioButtonHandle extends WindowHandle
Log: Imported: Class NWindow.RadioButtonHandle
Log: FactoryCreateText: Class with ClassFactoryUC (0 1 ..\NWindow\Classes\RecipeAPI.uc)
Log: Class: RecipeAPI extends UIEventManager
Log: Imported: Class NWindow.RecipeAPI
Log: FactoryCreateText: Class with ClassFactoryUC (0 1 ..\NWindow\Classes\RefineryAPI.uc)
Log: Class: RefineryAPI extends UIEventManager
Log: Imported: Class NWindow.RefineryAPI
Log: FactoryCreateText: Class with ClassFactoryUC (0 1 ..\NWindow\Classes\SceneCameraCtrlHandle.uc)
Log: Class: SceneCameraCtrlHandle extends WindowHandle
Log: Imported: Class NWindow.SceneCameraCtrlHandle
Log: FactoryCreateText: Class with ClassFactoryUC (0 1 ..\NWindow\Classes\SceneEditorAPI.uc)
Log: Class: SceneEditorAPI extends Object
Log: Imported: Class NWindow.SceneEditorAPI
Log: FactoryCreateText: Class with ClassFactoryUC (0 1 ..\NWindow\Classes\SceneMusicCtrlHandle.uc)
Log: Class: SceneMusicCtrlHandle extends WindowHandle
Log: Imported: Class NWindow.SceneMusicCtrlHandle
Log: FactoryCreateText: Class with ClassFactoryUC (0 1 ..\NWindow\Classes\SceneNpcCtrlHandle.uc)
Log: Class: SceneNpcCtrlHandle extends WindowHandle
Log: Imported: Class NWindow.SceneNpcCtrlHandle
Log: FactoryCreateText: Class with ClassFactoryUC (0 1 ..\NWindow\Classes\ScenePcCtrlHandle.uc)
Log: Class: ScenePcCtrlHandle extends WindowHandle
Log: Imported: Class NWindow.ScenePcCtrlHandle
Log: FactoryCreateText: Class with ClassFactoryUC (0 1 ..\NWindow\Classes\SceneScreenCtrlHandle.uc)
Log: Class: SceneScreenCtrlHandle extends WindowHandle
Log: Imported: Class NWindow.SceneScreenCtrlHandle
Log: FactoryCreateText: Class with ClassFactoryUC (0 1 ..\NWindow\Classes\ShortcutAPI.uc)
Log: Class: ShortcutAPI extends UIEventManager
Log: Imported: Class NWindow.ShortcutAPI
Log: FactoryCreateText: Class with ClassFactoryUC (0 1 ..\NWindow\Classes\SiegeAPI.uc)
Log: Class: SiegeAPI extends Object
Log: Imported: Class NWindow.SiegeAPI
Log: FactoryCreateText: Class with ClassFactoryUC (0 1 ..\NWindow\Classes\SliderCtrlHandle.uc)
Log: Class: SliderCtrlHandle extends WindowHandle
Log: Imported: Class NWindow.SliderCtrlHandle
Log: FactoryCreateText: Class with ClassFactoryUC (0 1 ..\NWindow\Classes\SSAOAPI.uc)
Log: Class: SSAOAPI extends Object
Log: Imported: Class NWindow.SSAOAPI
Log: FactoryCreateText: Class with ClassFactoryUC (0 1 ..\NWindow\Classes\SSQAPI.uc)
Log: Class: SSQAPI extends Object
Log: Imported: Class NWindow.SSQAPI
Log: FactoryCreateText: Class with ClassFactoryUC (0 1 ..\NWindow\Classes\StatusBarHandle.uc)
Log: Class: StatusBarHandle extends WindowHandle
Log: Imported: Class NWindow.StatusBarHandle
Log: FactoryCreateText: Class with ClassFactoryUC (0 1 ..\NWindow\Classes\StatusIconHandle.uc)
Log: Class: StatusIconHandle extends WindowHandle
Log: Imported: Class NWindow.StatusIconHandle
Log: FactoryCreateText: Class with ClassFactoryUC (0 1 ..\NWindow\Classes\TabHandle.uc)
Log: Class: TabHandle extends WindowHandle
Log: Imported: Class NWindow.TabHandle
Log: FactoryCreateText: Class with ClassFactoryUC (0 1 ..\NWindow\Classes\TeamMatchAPI.uc)
Log: Class: TeamMatchAPI extends UIEventManager
Log: Imported: Class NWindow.TeamMatchAPI
Log: FactoryCreateText: Class with ClassFactoryUC (0 1 ..\NWindow\Classes\TextBoxHandle.uc)
Log: Class: TextBoxHandle extends WindowHandle
Log: Imported: Class NWindow.TextBoxHandle
Log: FactoryCreateText: Class with ClassFactoryUC (0 1 ..\NWindow\Classes\TextListBoxHandle.uc)
Log: Class: TextListBoxHandle extends WindowHandle
Log: Imported: Class NWindow.TextListBoxHandle
Log: FactoryCreateText: Class with ClassFactoryUC (0 1 ..\NWindow\Classes\TextureHandle.uc)
Log: Class: TextureHandle extends WindowHandle
Log: Imported: Class NWindow.TextureHandle
Log: FactoryCreateText: Class with ClassFactoryUC (0 1 ..\NWindow\Classes\TreeHandle.uc)
Log: Class: TreeHandle extends WindowHandle
Log: Imported: Class NWindow.TreeHandle
Log: FactoryCreateText: Class with ClassFactoryUC (0 1 ..\NWindow\Classes\TutorialAPI.uc)
Log: Class: TutorialAPI extends Object
Log: Imported: Class NWindow.TutorialAPI
Log: FactoryCreateText: Class with ClassFactoryUC (0 1 ..\NWindow\Classes\UIAPI_BUTTON.uc)
Log: Class: UIAPI_BUTTON extends UIAPI_WINDOW
Log: Imported: Class NWindow.UIAPI_BUTTON
Log: FactoryCreateText: Class with ClassFactoryUC (0 1 ..\NWindow\Classes\UIAPI_CHECKBOX.uc)
Log: Class: UIAPI_CHECKBOX extends UIAPI_WINDOW
Log: Imported: Class NWindow.UIAPI_CHECKBOX
Log: FactoryCreateText: Class with ClassFactoryUC (0 1 ..\NWindow\Classes\UIAPI_COMBOBOX.uc)
Log: Class: UIAPI_COMBOBOX extends UIAPI_WINDOW
Log: Imported: Class NWindow.UIAPI_COMBOBOX
Log: FactoryCreateText: Class with ClassFactoryUC (0 1 ..\NWindow\Classes\UIAPI_EDITBOX.uc)
Log: Class: UIAPI_EDITBOX extends UIAPI_WINDOW
Log: Imported: Class NWindow.UIAPI_EDITBOX
Log: FactoryCreateText: Class with ClassFactoryUC (0 1 ..\NWindow\Classes\UIAPI_EFFECTBUTTON.uc)
Log: Class: UIAPI_EFFECTBUTTON extends UIAPI_WINDOW
Log: Imported: Class NWindow.UIAPI_EFFECTBUTTON
Log: FactoryCreateText: Class with ClassFactoryUC (0 1 ..\NWindow\Classes\UIAPI_INVENWEIGHT.uc)
Log: Class: UIAPI_INVENWEIGHT extends UIAPI_WINDOW
Log: Imported: Class NWindow.UIAPI_INVENWEIGHT
Log: FactoryCreateText: Class with ClassFactoryUC (0 1 ..\NWindow\Classes\UIAPI_ITEMWINDOW.uc)
Log: Class: UIAPI_ITEMWINDOW extends UIAPI_WINDOW
Log: Imported: Class NWindow.UIAPI_ITEMWINDOW
Log: FactoryCreateText: Class with ClassFactoryUC (0 1 ..\NWindow\Classes\UIAPI_LISTCTRL.uc)
Log: Class: UIAPI_LISTCTRL extends UIAPI_WINDOW
Log: Imported: Class NWindow.UIAPI_LISTCTRL
Log: FactoryCreateText: Class with ClassFactoryUC (0 1 ..\NWindow\Classes\UIAPI_MINIMAPCTRL.uc)
Log: Class: UIAPI_MINIMAPCTRL extends UIAPI_WINDOW
Log: Imported: Class NWindow.UIAPI_MINIMAPCTRL
Log: FactoryCreateText: Class with ClassFactoryUC (0 1 ..\NWindow\Classes\UIAPI_MULTIEDITBOX.uc)
Log: Class: UIAPI_MULTIEDITBOX extends UIAPI_WINDOW
Log: Imported: Class NWindow.UIAPI_MULTIEDITBOX
Log: FactoryCreateText: Class with ClassFactoryUC (0 1 ..\NWindow\Classes\UIAPI_MULTISELLITEMINFO.uc)
Log: Class: UIAPI_MULTISELLITEMINFO extends UIAPI_WINDOW
Log: Imported: Class NWindow.UIAPI_MULTISELLITEMINFO
Log: FactoryCreateText: Class with ClassFactoryUC (0 1 ..\NWindow\Classes\UIAPI_MULTISELLNEEDEDITEM.uc)
Log: Class: UIAPI_MULTISELLNEEDEDITEM extends UIAPI_WINDOW
Log: Imported: Class NWindow.UIAPI_MULTISELLNEEDEDITEM
Log: FactoryCreateText: Class with ClassFactoryUC (0 1 ..\NWindow\Classes\UIAPI_SHORTCUTITEMWINDOW.uc)
Log: Class: UIAPI_SHORTCUTITEMWINDOW extends UIAPI_WINDOW
Log: Imported: Class NWindow.UIAPI_SHORTCUTITEMWINDOW
Log: FactoryCreateText: Class with ClassFactoryUC (0 1 ..\NWindow\Classes\UIAPI_SLIDERCTRL.uc)
Log: Class: UIAPI_SLIDERCTRL extends UIAPI_WINDOW
Log: Imported: Class NWindow.UIAPI_SLIDERCTRL
Log: FactoryCreateText: Class with ClassFactoryUC (0 1 ..\NWindow\Classes\UIAPI_STATUSBARCTRL.uc)
Log: Class: UIAPI_STATUSBARCTRL extends UIAPI_WINDOW
Log: Imported: Class NWindow.UIAPI_STATUSBARCTRL
Log: FactoryCreateText: Class with ClassFactoryUC (0 1 ..\NWindow\Classes\UIAPI_STATUSICONCTRL.uc)
Log: Class: UIAPI_STATUSICONCTRL extends UIAPI_WINDOW
Log: Imported: Class NWindow.UIAPI_STATUSICONCTRL
Log: FactoryCreateText: Class with ClassFactoryUC (0 1 ..\NWindow\Classes\UIAPI_TEXTBOX.uc)
Log: Class: UIAPI_TEXTBOX extends UIAPI_WINDOW
Log: Imported: Class NWindow.UIAPI_TEXTBOX
Log: FactoryCreateText: Class with ClassFactoryUC (0 1 ..\NWindow\Classes\UIAPI_TEXTLISTBOX.uc)
Log: Class: UIAPI_TEXTLISTBOX extends UIAPI_WINDOW
Log: Imported: Class NWindow.UIAPI_TEXTLISTBOX
Log: FactoryCreateText: Class with ClassFactoryUC (0 1 ..\NWindow\Classes\UIAPI_TEXTURECTRL.uc)
Log: Class: UIAPI_TEXTURECTRL extends UIAPI_WINDOW
Log: Imported: Class NWindow.UIAPI_TEXTURECTRL
Log: FactoryCreateText: Class with ClassFactoryUC (0 1 ..\NWindow\Classes\UIAPI_TREECTRL.uc)
Log: Class: UIAPI_TREECTRL extends UIAPI_WINDOW
Log: Imported: Class NWindow.UIAPI_TREECTRL
Log: FactoryCreateText: Class with ClassFactoryUC (0 1 ..\NWindow\Classes\UIAPI_WINDOW.uc)
Log: Class: UIAPI_WINDOW extends UIEventManager
Log: Imported: Class NWindow.UIAPI_WINDOW
Log: FactoryCreateText: Class with ClassFactoryUC (0 1 ..\NWindow\Classes\UIDataManager.uc)
Log: Class: UIDataManager extends UIEventManager
Log: Imported: Class NWindow.UIDataManager
Log: FactoryCreateText: Class with ClassFactoryUC (0 1 ..\NWindow\Classes\UIDATA_CLAN.uc)
Log: Class: UIDATA_CLAN extends UIDataManager
Log: Imported: Class NWindow.UIDATA_CLAN
Log: FactoryCreateText: Class with ClassFactoryUC (0 1 ..\NWindow\Classes\UIDATA_GAMETIP.uc)
Log: Class: UIDATA_GAMETIP extends UIDataManager
Log: Imported: Class NWindow.UIDATA_GAMETIP
Log: FactoryCreateText: Class with ClassFactoryUC (0 1 ..\NWindow\Classes\UIDATA_HENNA.uc)
Log: Class: UIDATA_HENNA extends UIDataManager
Log: Imported: Class NWindow.UIDATA_HENNA
Log: FactoryCreateText: Class with ClassFactoryUC (0 1 ..\NWindow\Classes\UIDATA_HUNTINGZONE.uc)
Log: Class: UIDATA_HUNTINGZONE extends UIDataManager
Log: Imported: Class NWindow.UIDATA_HUNTINGZONE
Log: FactoryCreateText: Class with ClassFactoryUC (0 1 ..\NWindow\Classes\UIDATA_ITEM.uc)
Log: Class: UIDATA_ITEM extends UIDataManager
Log: Imported: Class NWindow.UIDATA_ITEM
Log: FactoryCreateText: Class with ClassFactoryUC (0 1 ..\NWindow\Classes\UIDATA_MACRO.uc)
Log: Class: UIDATA_MACRO extends UIDataManager
Log: Imported: Class NWindow.UIDATA_MACRO
Log: FactoryCreateText: Class with ClassFactoryUC (0 1 ..\NWindow\Classes\UIDATA_NPC.uc)
Log: Class: UIDATA_NPC extends UIDataManager
Log: Imported: Class NWindow.UIDATA_NPC
Log: FactoryCreateText: Class with ClassFactoryUC (0 1 ..\NWindow\Classes\UIDATA_PARTY.uc)
Log: Class: UIDATA_PARTY extends UIDataManager
Log: Imported: Class NWindow.UIDATA_PARTY
Log: FactoryCreateText: Class with ClassFactoryUC (0 1 ..\NWindow\Classes\UIDATA_PAWNVIEWER.uc)
Log: Class: UIDATA_PAWNVIEWER extends UIDataManager
Log: Imported: Class NWindow.UIDATA_PAWNVIEWER
Log: FactoryCreateText: Class with ClassFactoryUC (0 1 ..\NWindow\Classes\UIDATA_PET.uc)
Log: Class: UIDATA_PET extends UIDataManager
Log: Imported: Class NWindow.UIDATA_PET
Log: FactoryCreateText: Class with ClassFactoryUC (0 1 ..\NWindow\Classes\UIDATA_PLAYER.uc)
Log: Class: UIDATA_PLAYER extends UIDataManager
Log: Imported: Class NWindow.UIDATA_PLAYER
Log: FactoryCreateText: Class with ClassFactoryUC (0 1 ..\NWindow\Classes\UIDATA_QUEST.uc)
Log: Class: UIDATA_QUEST extends UIDataManager
Log: Imported: Class NWindow.UIDATA_QUEST
Log: FactoryCreateText: Class with ClassFactoryUC (0 1 ..\NWindow\Classes\UIDATA_RAID.uc)
Log: Class: UIDATA_RAID extends UIDataManager
Log: Imported: Class NWindow.UIDATA_RAID
Log: FactoryCreateText: Class with ClassFactoryUC (0 1 ..\NWindow\Classes\UIDATA_RECIPE.uc)
Log: Class: UIDATA_RECIPE extends UIDataManager
Log: Imported: Class NWindow.UIDATA_RECIPE
Log: FactoryCreateText: Class with ClassFactoryUC (0 1 ..\NWindow\Classes\UIDATA_REFINERYOPTION.uc)
Log: Class: UIDATA_REFINERYOPTION extends Object
Log: Imported: Class NWindow.UIDATA_REFINERYOPTION
Log: FactoryCreateText: Class with ClassFactoryUC (0 1 ..\NWindow\Classes\UIDATA_SKILL.uc)
Log: Class: UIDATA_SKILL extends UIDataManager
Log: Imported: Class NWindow.UIDATA_SKILL
Log: FactoryCreateText: Class with ClassFactoryUC (0 1 ..\NWindow\Classes\UIDATA_STATICOBJECT.uc)
Log: Class: UIDATA_STATICOBJECT extends UIDataManager
Log: Imported: Class NWindow.UIDATA_STATICOBJECT
Log: FactoryCreateText: Class with ClassFactoryUC (0 1 ..\NWindow\Classes\UIDATA_TARGET.uc)
Log: Class: UIDATA_TARGET extends UIDataManager
Log: Imported: Class NWindow.UIDATA_TARGET
Log: FactoryCreateText: Class with ClassFactoryUC (0 1 ..\NWindow\Classes\UIDATA_TRANSFORM.uc)
Log: Class: UIDATA_TRANSFORM extends UIDataManager
Log: Imported: Class NWindow.UIDATA_TRANSFORM
Log: FactoryCreateText: Class with ClassFactoryUC (0 1 ..\NWindow\Classes\UIDATA_TUTORIALLIST.uc)
Log: Class: UIDATA_TUTORIALLIST extends UIDataManager
Log: Imported: Class NWindow.UIDATA_TUTORIALLIST
Log: FactoryCreateText: Class with ClassFactoryUC (0 1 ..\NWindow\Classes\UIDATA_USER.uc)
Log: Class: UIDATA_USER extends UIDataManager
Log: Imported: Class NWindow.UIDATA_USER
Log: FactoryCreateText: Class with ClassFactoryUC (0 1 ..\NWindow\Classes\UIEventManager.uc)
Log: Class: UIEventManager extends Interactions
Log: Imported: Class NWindow.UIEventManager
Log: FactoryCreateText: Class with ClassFactoryUC (0 1 ..\NWindow\Classes\UIScript.uc)
Log: Class: UIScript extends UIEventManager
Log: Imported: Class NWindow.UIScript
Log: FactoryCreateText: Class with ClassFactoryUC (0 1 ..\NWindow\Classes\VehicleAPI.uc)
Log: Class: VehicleAPI extends UIEventManager
Log: Imported: Class NWindow.VehicleAPI
Log: FactoryCreateText: Class with ClassFactoryUC (0 1 ..\NWindow\Classes\VideoPlayerCtrlHandle.uc)
Log: Class: VideoPlayerCtrlHandle extends WIndowHandle
Log: Imported: Class NWindow.VideoPlayerCtrlHandle
Log: FactoryCreateText: Class with ClassFactoryUC (0 1 ..\NWindow\Classes\WindowHandle.uc)
Log: Class: WindowHandle extends UIEventManager
Log: Imported: Class NWindow.WindowHandle
Log: Parsing UIEventManager
Log: Parsing WindowHandle
Log: Parsing TextureHandle
Log: Parsing AnimTextureHandle
Log: Parsing BarHandle
Log: Parsing ButtonHandle
Log: Parsing CharacterViewportWindowHandle
Log: Parsing TextListBoxHandle
Log: Parsing ChatWindowHandle
Log: Parsing CheckBoxHandle
Log: Parsing ComboBoxHandle
Log: Parsing DrawPanelHandle
Log: Parsing EditBoxHandle
Log: Parsing FlashCtrlHandle
Log: Parsing HtmlHandle
Log: Parsing ItemWindowHandle
Log: Parsing ListBoxHandle
Log: Parsing ListCtrlHandle
Log: Parsing MinimapCtrlHandle
Log: Parsing MultiEditBoxHandle
Log: Parsing NameCtrlHandle
Log: Parsing ProgressCtrlHandle
Log: Parsing PropertyControllerHandle
Log: Parsing RadarMapCtrlHandle
Log: Parsing RadioButtonHandle
Log: Parsing SceneCameraCtrlHandle
Log: Parsing SceneMusicCtrlHandle
Log: Parsing SceneNpcCtrlHandle
Log: Parsing ScenePcCtrlHandle
Log: Parsing SceneScreenCtrlHandle
Log: Parsing SliderCtrlHandle
Log: Parsing StatusBarHandle
Log: Parsing StatusIconHandle
Log: Parsing TabHandle
Log: Parsing TextBoxHandle
Log: Parsing TreeHandle
Log: Parsing VideoPlayerCtrlHandle
Log: Parsing BookMarkAPI
Log: Parsing EnchantAPI
Log: Parsing EventMatchAPI
Log: Parsing FileListAPI
Log: Parsing UIScript
Log: Parsing GFxUIScript
Log: Parsing GMAPI
Log: Parsing InputAPI
Log: Parsing MacroAPI
Log: Parsing PetAPI
Log: Parsing PostWndAPI
Log: Parsing RecipeAPI
Log: Parsing RefineryAPI
Log: Parsing ShortcutAPI
Log: Parsing TeamMatchAPI
Log: Parsing UIAPI_WINDOW
Log: Parsing UIAPI_BUTTON
Log: Parsing UIAPI_CHECKBOX
Log: Parsing UIAPI_COMBOBOX
Log: Parsing UIAPI_EDITBOX
Log: Parsing UIAPI_EFFECTBUTTON
Log: Parsing UIAPI_INVENWEIGHT
Log: Parsing UIAPI_ITEMWINDOW
Log: Parsing UIAPI_LISTCTRL
Log: Parsing UIAPI_MINIMAPCTRL
Log: Parsing UIAPI_MULTIEDITBOX
Log: Parsing UIAPI_MULTISELLITEMINFO
Log: Parsing UIAPI_MULTISELLNEEDEDITEM
Log: Parsing UIAPI_SHORTCUTITEMWINDOW
Log: Parsing UIAPI_SLIDERCTRL
Log: Parsing UIAPI_STATUSBARCTRL
Log: Parsing UIAPI_STATUSICONCTRL
Log: Parsing UIAPI_TEXTBOX
Log: Parsing UIAPI_TEXTLISTBOX
Log: Parsing UIAPI_TEXTURECTRL
Log: Parsing UIAPI_TREECTRL
Log: Parsing UIDataManager
Log: Parsing UIDATA_CLAN
Log: Parsing UIDATA_GAMETIP
Log: Parsing UIDATA_HENNA
Log: Parsing UIDATA_HUNTINGZONE
Log: Parsing UIDATA_ITEM
Log: Parsing UIDATA_MACRO
Log: Parsing UIDATA_NPC
Log: Parsing UIDATA_PARTY
Log: Parsing UIDATA_PAWNVIEWER
Log: Parsing UIDATA_PET
Log: Parsing UIDATA_PLAYER
Log: Parsing UIDATA_QUEST
Log: Parsing UIDATA_RAID
Log: Parsing UIDATA_RECIPE
Log: Parsing UIDATA_SKILL
Log: Parsing UIDATA_STATICOBJECT
Log: Parsing UIDATA_TARGET
Log: Parsing UIDATA_TRANSFORM
Log: Parsing UIDATA_TUTORIALLIST
Log: Parsing UIDATA_USER
Log: Parsing VehicleAPI
Log: Parsing ActionAPI
Log: Parsing AuctionAPI
Log: Parsing AudioAPI
Log: Parsing CommandChannelAPI
Log: Parsing GraphicAPI
Log: Parsing HennaAPI
Log: Parsing HeroTowerAPI
Log: Parsing MiniMapAPI
Log: Parsing OlympiadAPI
Log: Parsing PartyMatchAPI
Log: Parsing PetitionAPI
Log: Parsing QuestAPI
Log: Parsing SceneEditorAPI
Log: Parsing SiegeAPI
Log: Parsing SSAOAPI
Log: Parsing SSQAPI
Log: Parsing TutorialAPI
Log: Parsing UIDATA_REFINERYOPTION
Log: Compiling UIEventManager
Log: Compiling WindowHandle
Log: Compiling TextureHandle
Log: Compiling AnimTextureHandle
Log: Compiling BarHandle
Log: Compiling ButtonHandle
Log: Compiling CharacterViewportWindowHandle
Log: Compiling TextListBoxHandle
Log: Compiling ChatWindowHandle
Log: Compiling CheckBoxHandle
Log: Compiling ComboBoxHandle
Log: Compiling DrawPanelHandle
Log: Compiling EditBoxHandle
Log: Compiling FlashCtrlHandle
Log: Compiling HtmlHandle
Log: Compiling ItemWindowHandle
Log: Compiling ListBoxHandle
Log: Compiling ListCtrlHandle
Log: Compiling MinimapCtrlHandle
Log: Compiling MultiEditBoxHandle
Log: Compiling NameCtrlHandle
Log: Compiling ProgressCtrlHandle
Log: Compiling PropertyControllerHandle
Log: Compiling RadarMapCtrlHandle
Log: Compiling RadioButtonHandle
Log: Compiling SceneCameraCtrlHandle
Log: Compiling SceneMusicCtrlHandle
Log: Compiling SceneNpcCtrlHandle
Log: Compiling ScenePcCtrlHandle
Log: Compiling SceneScreenCtrlHandle
Log: Compiling SliderCtrlHandle
Log: Compiling StatusBarHandle
Log: Compiling StatusIconHandle
Log: Compiling TabHandle
Log: Compiling TextBoxHandle
Log: Compiling TreeHandle
Log: Compiling VideoPlayerCtrlHandle
Log: Compiling BookMarkAPI
Log: Compiling EnchantAPI
Log: Compiling EventMatchAPI
Log: Compiling FileListAPI
Log: Compiling UIScript
Log: Compiling GFxUIScript
Log: Compiling GMAPI
Log: Compiling InputAPI
Log: Compiling MacroAPI
Log: Compiling PetAPI
Log: Compiling PostWndAPI
Log: Compiling RecipeAPI
Log: Compiling RefineryAPI
Log: Compiling ShortcutAPI
Log: Compiling TeamMatchAPI
Log: Compiling UIAPI_WINDOW
Log: Compiling UIAPI_BUTTON
Log: Compiling UIAPI_CHECKBOX
Log: Compiling UIAPI_COMBOBOX
Log: Compiling UIAPI_EDITBOX
Log: Compiling UIAPI_EFFECTBUTTON
Log: Compiling UIAPI_INVENWEIGHT
Log: Compiling UIAPI_ITEMWINDOW
Log: Compiling UIAPI_LISTCTRL
Log: Compiling UIAPI_MINIMAPCTRL
Log: Compiling UIAPI_MULTIEDITBOX
Log: Compiling UIAPI_MULTISELLITEMINFO
Log: Compiling UIAPI_MULTISELLNEEDEDITEM
Log: Compiling UIAPI_SHORTCUTITEMWINDOW
Log: Compiling UIAPI_SLIDERCTRL
Log: Compiling UIAPI_STATUSBARCTRL
Log: Compiling UIAPI_STATUSICONCTRL
Log: Compiling UIAPI_TEXTBOX
Log: Compiling UIAPI_TEXTLISTBOX
Log: Compiling UIAPI_TEXTURECTRL
Log: Compiling UIAPI_TREECTRL
Log: Compiling UIDataManager
Log: Compiling UIDATA_CLAN
Log: Compiling UIDATA_GAMETIP
Log: Compiling UIDATA_HENNA
Log: Compiling UIDATA_HUNTINGZONE
Log: Compiling UIDATA_ITEM
Log: Compiling UIDATA_MACRO
Log: Compiling UIDATA_NPC
Log: Compiling UIDATA_PARTY
Log: Compiling UIDATA_PAWNVIEWER
Log: Compiling UIDATA_PET
Log: Compiling UIDATA_PLAYER
Log: Compiling UIDATA_QUEST
Log: Compiling UIDATA_RAID
Log: Compiling UIDATA_RECIPE
Log: Compiling UIDATA_SKILL
Log: Compiling UIDATA_STATICOBJECT
Log: Compiling UIDATA_TARGET
Log: Compiling UIDATA_TRANSFORM
Log: Compiling UIDATA_TUTORIALLIST
Log: Compiling UIDATA_USER
Log: Compiling VehicleAPI
Log: Compiling ActionAPI
Log: Compiling AuctionAPI
Log: Compiling AudioAPI
Log: Compiling CommandChannelAPI
Log: Compiling GraphicAPI
Log: Compiling HennaAPI
Log: Compiling HeroTowerAPI
Log: Compiling MiniMapAPI
Log: Compiling OlympiadAPI
Log: Compiling PartyMatchAPI
Log: Compiling PetitionAPI
Log: Compiling QuestAPI
Log: Compiling SceneEditorAPI
Log: Compiling SiegeAPI
Log: Compiling SSAOAPI
Log: Compiling SSQAPI
Log: Compiling TutorialAPI
Log: Compiling UIDATA_REFINERYOPTION
Log: Importing Defaults for UIEventManager
Log: Importing Defaults for WindowHandle
Log: Importing Defaults for TextureHandle
Log: Importing Defaults for AnimTextureHandle
Log: Importing Defaults for BarHandle
Log: Importing Defaults for ButtonHandle
Log: Importing Defaults for CharacterViewportWindowHandle
Log: Importing Defaults for TextListBoxHandle
Log: Importing Defaults for ChatWindowHandle
Log: Importing Defaults for CheckBoxHandle
Log: Importing Defaults for ComboBoxHandle
Log: Importing Defaults for DrawPanelHandle
Log: Importing Defaults for EditBoxHandle
Log: Importing Defaults for FlashCtrlHandle
Log: Importing Defaults for HtmlHandle
Log: Importing Defaults for ItemWindowHandle
Log: Importing Defaults for ListBoxHandle
Log: Importing Defaults for ListCtrlHandle
Log: Importing Defaults for MinimapCtrlHandle
Log: Importing Defaults for MultiEditBoxHandle
Log: Importing Defaults for NameCtrlHandle
Log: Importing Defaults for ProgressCtrlHandle
Log: Importing Defaults for PropertyControllerHandle
Log: Importing Defaults for RadarMapCtrlHandle
Log: Importing Defaults for RadioButtonHandle
Log: Importing Defaults for SceneCameraCtrlHandle
Log: Importing Defaults for SceneMusicCtrlHandle
Log: Importing Defaults for SceneNpcCtrlHandle
Log: Importing Defaults for ScenePcCtrlHandle
Log: Importing Defaults for SceneScreenCtrlHandle
Log: Importing Defaults for SliderCtrlHandle
Log: Importing Defaults for StatusBarHandle
Log: Importing Defaults for StatusIconHandle
Log: Importing Defaults for TabHandle
Log: Importing Defaults for TextBoxHandle
Log: Importing Defaults for TreeHandle
Log: Importing Defaults for VideoPlayerCtrlHandle
Log: Importing Defaults for BookMarkAPI
Log: Importing Defaults for EnchantAPI
Log: Importing Defaults for EventMatchAPI
Log: Importing Defaults for FileListAPI
Log: Importing Defaults for UIScript
Log: Importing Defaults for GFxUIScript
Log: Importing Defaults for GMAPI
Log: Importing Defaults for InputAPI
Log: Importing Defaults for MacroAPI
Log: Importing Defaults for PetAPI
Log: Importing Defaults for PostWndAPI
Log: Importing Defaults for RecipeAPI
Log: Importing Defaults for RefineryAPI
Log: Importing Defaults for ShortcutAPI
Log: Importing Defaults for TeamMatchAPI
Log: Importing Defaults for UIAPI_WINDOW
Log: Importing Defaults for UIAPI_BUTTON
Log: Importing Defaults for UIAPI_CHECKBOX
Log: Importing Defaults for UIAPI_COMBOBOX
Log: Importing Defaults for UIAPI_EDITBOX
Log: Importing Defaults for UIAPI_EFFECTBUTTON
Log: Importing Defaults for UIAPI_INVENWEIGHT
Log: Importing Defaults for UIAPI_ITEMWINDOW
Log: Importing Defaults for UIAPI_LISTCTRL
Log: Importing Defaults for UIAPI_MINIMAPCTRL
Log: Importing Defaults for UIAPI_MULTIEDITBOX
Log: Importing Defaults for UIAPI_MULTISELLITEMINFO
Log: Importing Defaults for UIAPI_MULTISELLNEEDEDITEM
Log: Importing Defaults for UIAPI_SHORTCUTITEMWINDOW
Log: Importing Defaults for UIAPI_SLIDERCTRL
Log: Importing Defaults for UIAPI_STATUSBARCTRL
Log: Importing Defaults for UIAPI_STATUSICONCTRL
Log: Importing Defaults for UIAPI_TEXTBOX
Log: Importing Defaults for UIAPI_TEXTLISTBOX
Log: Importing Defaults for UIAPI_TEXTURECTRL
Log: Importing Defaults for UIAPI_TREECTRL
Log: Importing Defaults for UIDataManager
Log: Importing Defaults for UIDATA_CLAN
Log: Importing Defaults for UIDATA_GAMETIP
Log: Importing Defaults for UIDATA_HENNA
Log: Importing Defaults for UIDATA_HUNTINGZONE
Log: Importing Defaults for UIDATA_ITEM
Log: Importing Defaults for UIDATA_MACRO
Log: Importing Defaults for UIDATA_NPC
Log: Importing Defaults for UIDATA_PARTY
Log: Importing Defaults for UIDATA_PAWNVIEWER
Log: Importing Defaults for UIDATA_PET
Log: Importing Defaults for UIDATA_PLAYER
Log: Importing Defaults for UIDATA_QUEST
Log: Importing Defaults for UIDATA_RAID
Log: Importing Defaults for UIDATA_RECIPE
Log: Importing Defaults for UIDATA_SKILL
Log: Importing Defaults for UIDATA_STATICOBJECT
Log: Importing Defaults for UIDATA_TARGET
Log: Importing Defaults for UIDATA_TRANSFORM
Log: Importing Defaults for UIDATA_TUTORIALLIST
Log: Importing Defaults for UIDATA_USER
Log: Importing Defaults for VehicleAPI
Log: Importing Defaults for ActionAPI
Log: Importing Defaults for AuctionAPI
Log: Importing Defaults for AudioAPI
Log: Importing Defaults for CommandChannelAPI
Log: Importing Defaults for GraphicAPI
Log: Importing Defaults for HennaAPI
Log: Importing Defaults for HeroTowerAPI
Log: Importing Defaults for MiniMapAPI
Log: Importing Defaults for OlympiadAPI
Log: Importing Defaults for PartyMatchAPI
Log: Importing Defaults for PetitionAPI
Log: Importing Defaults for QuestAPI
Log: Importing Defaults for SceneEditorAPI
Log: Importing Defaults for SiegeAPI
Log: Importing Defaults for SSAOAPI
Log: Importing Defaults for SSQAPI
Log: Importing Defaults for TutorialAPI
Log: Importing Defaults for UIDATA_REFINERYOPTION
Log: Success: Compiled 8964 line(s), 2239 statement(s).

Log: Autogenerating C++ header: ..\NWindow\Inc\NWindowClasses.h
Log: Not replacing ..\NWindow\Inc\NWindowClasses.h because identical
Log: Unreal file tag: -1641380927
Log: Unreal file tag: -1641380927
Log: Save=15.378675
Log: Moving 'Save.tmp' to 'NWindow.u'
Heading: -------------------------Interface - Release--------------------------
Warning: Failed to load 'Interface.u': Can't find file 'Interface.u'
Warning: Failed loading package: Can't find file 'Interface.u'
Log: Analyzing...
Log: FactoryCreateText: Class with ClassFactoryUC (0 1 ..\Interface\Classes\AbnormalStatusWnd.uc)
Log: Class: AbnormalStatusWnd extends UICommonAPI
Log: Imported: Class Interface.AbnormalStatusWnd
Log: FactoryCreateText: Class with ClassFactoryUC (0 1 ..\Interface\Classes\ActionWnd.uc)
Log: Class: ActionWnd extends UICommonAPI
Log: Imported: Class Interface.ActionWnd
Log: FactoryCreateText: Class with ClassFactoryUC (0 1 ..\Interface\Classes\AgeWnd.uc)
Log: Class: AgeWnd extends UICommonAPI
Log: Imported: Class Interface.AgeWnd
Log: FactoryCreateText: Class with ClassFactoryUC (0 1 ..\Interface\Classes\AITimerWnd.uc)
Log: Class: AITimerWnd extends UIScriptEx
Log: Imported: Class Interface.AITimerWnd
Log: FactoryCreateText: Class with ClassFactoryUC (0 1 ..\Interface\Classes\AttributeEnchantWnd.uc)
Log: Class: AttributeEnchantWnd extends UICommonAPI
Log: Imported: Class Interface.AttributeEnchantWnd
Log: FactoryCreateText: Class with ClassFactoryUC (0 1 ..\Interface\Classes\AttributeRemoveWnd.uc)
Log: Class: AttributeRemoveWnd extends UICommonAPI
Log: Imported: Class Interface.AttributeRemoveWnd
Log: FactoryCreateText: Class with ClassFactoryUC (0 1 ..\Interface\Classes\AuctionBtnWnd.uc)
Log: Class: AuctionBtnWnd extends UICommonAPI
Log: Imported: Class Interface.AuctionBtnWnd
Log: FactoryCreateText: Class with ClassFactoryUC (0 1 ..\Interface\Classes\AuctionNextWnd.uc)
Log: Class: AuctionNextWnd extends UICommonAPI
Log: Imported: Class Interface.AuctionNextWnd
Log: FactoryCreateText: Class with ClassFactoryUC (0 1 ..\Interface\Classes\AuctionWnd.uc)
Log: Class: AuctionWnd extends UICommonAPI
Log: Imported: Class Interface.AuctionWnd
Log: FactoryCreateText: Class with ClassFactoryUC (0 1 ..\Interface\Classes\AutoAtt.uc)
Log: Class: AutoAtt extends UICommonAPI
Log: Imported: Class Interface.AutoAtt
Log: FactoryCreateText: Class with ClassFactoryUC (0 1 ..\Interface\Classes\AutoItemEnchant.uc)
Log: Class: AutoItemEnchant extends UICommonAPI
Log: Imported: Class Interface.AutoItemEnchant
Log: FactoryCreateText: Class with ClassFactoryUC (0 1 ..\Interface\Classes\AutoPotions.uc)
Log: Class: AutoPotions extends UICommonAPI
Log: Imported: Class Interface.AutoPotions
Log: FactoryCreateText: Class with ClassFactoryUC (0 1 ..\Interface\Classes\AutoSouls.uc)
Log: Class: AutoSouls extends UICommonAPI
Log: Imported: Class Interface.AutoSouls
Log: FactoryCreateText: Class with ClassFactoryUC (0 1 ..\Interface\Classes\AutoSS.uc)
Log: Class: AutoSS extends UICommonAPI
Log: Imported: Class Interface.AutoSS
Log: FactoryCreateText: Class with ClassFactoryUC (0 1 ..\Interface\Classes\BenchMarkMenuWnd.uc)
Log: Class: BenchMarkMenuWnd extends UIScriptEx
Log: Imported: Class Interface.BenchMarkMenuWnd
Log: FactoryCreateText: Class with ClassFactoryUC (0 1 ..\Interface\Classes\BirthdayAlarmBtn.uc)
Log: Class: BirthdayAlarmBtn extends UICommonAPI
Log: Imported: Class Interface.BirthdayAlarmBtn
Log: FactoryCreateText: Class with ClassFactoryUC (0 1 ..\Interface\Classes\BirthdayAlarmWnd.uc)
Log: Class: BirthdayAlarmWnd extends UICommonAPI
Log: Imported: Class Interface.BirthdayAlarmWnd
Log: FactoryCreateText: Class with ClassFactoryUC (0 1 ..\Interface\Classes\BlockCounter.uc)
Log: Class: BlockCounter extends UIScriptEx
Log: Imported: Class Interface.BlockCounter
Log: FactoryCreateText: Class with ClassFactoryUC (0 1 ..\Interface\Classes\BlockCurTriggerWnd.uc)
Log: Class: BlockCurTriggerWnd extends UIScriptEx
Log: Imported: Class Interface.BlockCurTriggerWnd
Log: FactoryCreateText: Class with ClassFactoryUC (0 1 ..\Interface\Classes\BlockCurWnd.uc)
Log: Class: BlockCurWnd extends UIScriptEx
Log: Imported: Class Interface.BlockCurWnd
Log: FactoryCreateText: Class with ClassFactoryUC (0 1 ..\Interface\Classes\BoardWnd.uc)
Log: Class: BoardWnd extends UIScriptEx
Log: Imported: Class Interface.BoardWnd
Log: FactoryCreateText: Class with ClassFactoryUC (0 1 ..\Interface\Classes\BR_CashShopBtnWnd.uc)
Log: Class: BR_CashShopBtnWnd extends UICommonAPI
Log: Imported: Class Interface.BR_CashShopBtnWnd
Log: FactoryCreateText: Class with ClassFactoryUC (0 1 ..\Interface\Classes\BR_CashShopWnd.uc)
Log: Class: BR_CashShopWnd extends UICommonAPI
Log: Imported: Class Interface.BR_CashShopWnd
Log: FactoryCreateText: Class with ClassFactoryUC (0 1 ..\Interface\Classes\BR_EventChristmasWnd.uc)
Log: Class: BR_EventChristmasWnd extends UICommonAPI
Log: Imported: Class Interface.BR_EventChristmasWnd
Log: FactoryCreateText: Class with ClassFactoryUC (0 1 ..\Interface\Classes\BR_EventDefaultWnd.uc)
Log: Class: BR_EventDefaultWnd extends UICommonAPI
Log: Imported: Class Interface.BR_EventDefaultWnd
Log: FactoryCreateText: Class with ClassFactoryUC (0 1 ..\Interface\Classes\BR_EventFireWnd.uc)
Log: Class: BR_EventFireWnd extends UICommonAPI
Log: Imported: Class Interface.BR_EventFireWnd
Log: FactoryCreateText: Class with ClassFactoryUC (0 1 ..\Interface\Classes\BR_EventHalloweenTodayWnd.uc)
Log: Class: BR_EventHalloweenTodayWnd extends UICommonAPI
Log: Imported: Class Interface.BR_EventHalloweenTodayWnd
Log: FactoryCreateText: Class with ClassFactoryUC (0 1 ..\Interface\Classes\BR_EventHalloweenWnd.uc)
Log: Class: BR_EventHalloweenWnd extends UICommonAPI
Log: Imported: Class Interface.BR_EventHalloweenWnd
Log: FactoryCreateText: Class with ClassFactoryUC (0 1 ..\Interface\Classes\BR_EventHtmlWnd1.uc)
Log: Class: BR_EventHtmlWnd1 extends UICommonAPI
Log: Imported: Class Interface.BR_EventHtmlWnd1
Log: FactoryCreateText: Class with ClassFactoryUC (0 1 ..\Interface\Classes\BR_EventHtmlWnd2.uc)
Log: Class: BR_EventHtmlWnd2 extends UICommonAPI
Log: Imported: Class Interface.BR_EventHtmlWnd2
Log: FactoryCreateText: Class with ClassFactoryUC (0 1 ..\Interface\Classes\BR_EventHtmlWnd3.uc)
Log: Class: BR_EventHtmlWnd3 extends UICommonAPI
Log: Imported: Class Interface.BR_EventHtmlWnd3
Log: FactoryCreateText: Class with ClassFactoryUC (0 1 ..\Interface\Classes\BR_EventRudolfWnd.uc)
Log: Class: BR_EventRudolfWnd extends UICommonAPI
Log: Imported: Class Interface.BR_EventRudolfWnd
Log: FactoryCreateText: Class with ClassFactoryUC (0 1 ..\Interface\Classes\BR_MiniGameRankWnd.uc)
Log: Class: BR_MiniGameRankWnd extends UICommonAPI
Log: Imported: Class Interface.BR_MiniGameRankWnd
Log: FactoryCreateText: Class with ClassFactoryUC (0 1 ..\Interface\Classes\BR_PopupWnd.uc)
Log: Class: BR_PopupWnd extends UICommonAPI
Log: Imported: Class Interface.BR_PopupWnd
Log: FactoryCreateText: Class with ClassFactoryUC (0 1 ..\Interface\Classes\CalculatorWnd.uc)
Log: Class: CalculatorWnd extends UICommonAPI
Log: Imported: Class Interface.CalculatorWnd
Log: FactoryCreateText: Class with ClassFactoryUC (0 1 ..\Interface\Classes\CancelCtrlWnd.uc)
Log: Class: CancelCtrlWnd extends UICommonAPI
Log: Imported: Class Interface.CancelCtrlWnd
Log: FactoryCreateText: Class with ClassFactoryUC (0 1 ..\Interface\Classes\CastInfo2Wnd.uc)
Log: Class: CastInfo2Wnd extends UICommonAPI
Log: Imported: Class Interface.CastInfo2Wnd
Log: FactoryCreateText: Class with ClassFactoryUC (0 1 ..\Interface\Classes\CastInfoWnd.uc)
Log: Class: CastInfoWnd extends UICommonAPI
Log: Imported: Class Interface.CastInfoWnd
Log: FactoryCreateText: Class with ClassFactoryUC (0 1 ..\Interface\Classes\CharacterCreateMenuWnd.uc)
Log: Class: CharacterCreateMenuWnd extends UICommonAPI
Log: Imported: Class Interface.CharacterCreateMenuWnd
Log: FactoryCreateText: Class with ClassFactoryUC (0 1 ..\Interface\Classes\CharacterPasswordHelpHtmlWnd.uc)
Log: Class: CharacterPasswordHelpHtmlWnd extends UICommonAPI
Log: Imported: Class Interface.CharacterPasswordHelpHtmlWnd
Log: FactoryCreateText: Class with ClassFactoryUC (0 1 ..\Interface\Classes\CharacterPasswordWnd.uc)
Log: Class: CharacterPasswordWnd extends UICommonAPI
Log: Imported: Class Interface.CharacterPasswordWnd
Log: FactoryCreateText: Class with ClassFactoryUC (0 1 ..\Interface\Classes\ChatFilterWnd.uc)
Log: Class: ChatFilterWnd extends UIScriptEx
Log: Imported: Class Interface.ChatFilterWnd
Log: FactoryCreateText: Class with ClassFactoryUC (0 1 ..\Interface\Classes\ChatWnd.uc)
Log: Class: ChatWnd extends UICommonAPI
Log: Imported: Class Interface.ChatWnd
Log: FactoryCreateText: Class with ClassFactoryUC (0 1 ..\Interface\Classes\ClanDrawerWnd.uc)
Log: Class: ClanDrawerWnd extends UICommonAPI
Log: Imported: Class Interface.ClanDrawerWnd
Log: FactoryCreateText: Class with ClassFactoryUC (0 1 ..\Interface\Classes\ClanWnd.uc)
Log: Class: ClanWnd extends UIScriptEx
Log: Imported: Class Interface.ClanWnd
Log: FactoryCreateText: Class with ClassFactoryUC (0 1 ..\Interface\Classes\CleftCounter.uc)
Log: Class: CleftCounter extends UIScriptEx
Log: Imported: Class Interface.CleftCounter
Log: FactoryCreateText: Class with ClassFactoryUC (0 1 ..\Interface\Classes\CleftCurTriggerWnd.uc)
Log: Class: CleftCurTriggerWnd extends UIScriptEx
Log: Imported: Class Interface.CleftCurTriggerWnd
Log: FactoryCreateText: Class with ClassFactoryUC (0 1 ..\Interface\Classes\CleftCurWnd.uc)
Log: Class: CleftCurWnd extends UIScriptEx
Log: Imported: Class Interface.CleftCurWnd
Log: FactoryCreateText: Class with ClassFactoryUC (0 1 ..\Interface\Classes\CleftEnterWnd.uc)
Log: Class: CleftEnterWnd extends UIScriptEx
Log: Imported: Class Interface.CleftEnterWnd
Log: FactoryCreateText: Class with ClassFactoryUC (0 1 ..\Interface\Classes\ColorCtrl.uc)
Log: Class: ColorCtrl extends UICommonAPI
Log: Imported: Class Interface.ColorCtrl
Log: FactoryCreateText: Class with ClassFactoryUC (0 1 ..\Interface\Classes\ColorNickNameWnd.uc)
Log: Class: ColorNickNameWnd extends UICommonAPI
Log: Imported: Class Interface.ColorNickNameWnd
Log: FactoryCreateText: Class with ClassFactoryUC (0 1 ..\Interface\Classes\ConsoleWnd.uc)
Log: Class: ConsoleWnd extends UICommonAPI
Log: Imported: Class Interface.ConsoleWnd
Log: FactoryCreateText: Class with ClassFactoryUC (0 1 ..\Interface\Classes\CouponEventWnd.uc)
Log: Class: CouponEventWnd extends UIScriptEx
Log: Imported: Class Interface.CouponEventWnd
Log: FactoryCreateText: Class with ClassFactoryUC (0 1 ..\Interface\Classes\DebuffOn.uc)
Log: Class: DebuffOn extends UICommonAPI
Log: Imported: Class Interface.DebuffOn
Log: FactoryCreateText: Class with ClassFactoryUC (0 1 ..\Interface\Classes\DebuffWnd.uc)
Log: Class: DebuffWnd extends UICommonAPI
Log: Imported: Class Interface.DebuffWnd
Log: FactoryCreateText: Class with ClassFactoryUC (0 1 ..\Interface\Classes\DeliverWnd.uc)
Log: Class: DeliverWnd extends UICommonAPI
Log: Imported: Class Interface.DeliverWnd
Log: FactoryCreateText: Class with ClassFactoryUC (0 1 ..\Interface\Classes\DepthOfField.uc)
Log: Class: DepthOfField extends UICommonAPI
Log: Imported: Class Interface.DepthOfField
Log: FactoryCreateText: Class with ClassFactoryUC (0 1 ..\Interface\Classes\DetailStatusWnd.uc)
Log: Class: DetailStatusWnd extends UIScriptEx
Log: Imported: Class Interface.DetailStatusWnd
Log: FactoryCreateText: Class with ClassFactoryUC (0 1 ..\Interface\Classes\DialogBox.uc)
Log: Class: DialogBox extends UICommonAPI
Log: Imported: Class Interface.DialogBox
Log: FactoryCreateText: Class with ClassFactoryUC (0 1 ..\Interface\Classes\DominionWarInfoWnd.uc)
Log: Class: DominionWarInfoWnd extends UICommonAPI
Log: Imported: Class Interface.DominionWarInfoWnd
Log: FactoryCreateText: Class with ClassFactoryUC (0 1 ..\Interface\Classes\DuelManager.uc)
Log: Class: DuelManager extends UICommonAPI
Log: Imported: Class Interface.DuelManager
Log: FactoryCreateText: Class with ClassFactoryUC (0 1 ..\Interface\Classes\EnemyCastInfoWnd.uc)
Log: Class: EnemyCastInfoWnd extends UICommonAPI
Log: Imported: Class Interface.EnemyCastInfoWnd
Log: FactoryCreateText: Class with ClassFactoryUC (0 1 ..\Interface\Classes\EventMatchGMFenceWnd.uc)
Log: Class: EventMatchGMFenceWnd extends UICommonAPI
Log: Imported: Class Interface.EventMatchGMFenceWnd
Log: FactoryCreateText: Class with ClassFactoryUC (0 1 ..\Interface\Classes\EventMatchGMMsgWnd.uc)
Log: Class: EventMatchGMMsgWnd extends UICommonAPI
Log: Imported: Class Interface.EventMatchGMMsgWnd
Log: FactoryCreateText: Class with ClassFactoryUC (0 1 ..\Interface\Classes\EventMatchGMWnd.uc)
Log: Class: EventMatchGMWnd extends UICommonAPI
Log: Imported: Class Interface.EventMatchGMWnd
Log: FactoryCreateText: Class with ClassFactoryUC (0 1 ..\Interface\Classes\EventMatchObserverWnd.uc)
Log: Class: EventMatchObserverWnd extends UICommonAPI
Log: Imported: Class Interface.EventMatchObserverWnd
Log: FactoryCreateText: Class with ClassFactoryUC (0 1 ..\Interface\Classes\EventMatchSpecialMsgWnd.uc)
Log: Class: EventMatchSpecialMsgWnd extends UICommonAPI
Log: Imported: Class Interface.EventMatchSpecialMsgWnd
Log: FactoryCreateText: Class with ClassFactoryUC (0 1 ..\Interface\Classes\ExpBarWnd.uc)
Log: Class: ExpBarWnd extends UICommonAPI
Log: Imported: Class Interface.ExpBarWnd
Log: FactoryCreateText: Class with ClassFactoryUC (0 1 ..\Interface\Classes\FileListWnd.uc)
Log: Class: FileListWnd extends UICommonAPI
Log: Imported: Class Interface.FileListWnd
Log: FactoryCreateText: Class with ClassFactoryUC (0 1 ..\Interface\Classes\FileRegisterWnd.uc)
Log: Class: FileRegisterWnd extends UICommonAPI
Log: Imported: Class Interface.FileRegisterWnd
Log: FactoryCreateText: Class with ClassFactoryUC (0 1 ..\Interface\Classes\FileWnd.uc)
Log: Class: FileWnd extends UICommonAPI
Log: Imported: Class Interface.FileWnd
Log: FactoryCreateText: Class with ClassFactoryUC (0 1 ..\Interface\Classes\FishViewportWnd.uc)
Log: Class: FishViewportWnd extends UICommonAPI
Log: Imported: Class Interface.FishViewportWnd
Log: FactoryCreateText: Class with ClassFactoryUC (0 1 ..\Interface\Classes\FlexOptionWnd.uc)
Log: Class: FlexOptionWnd extends UICommonAPI
Log: Imported: Class Interface.FlexOptionWnd
Log: FactoryCreateText: Class with ClassFactoryUC (0 1 ..\Interface\Classes\FlightShipCtrlWnd.uc)
Log: Class: FlightShipCtrlWnd extends UIScriptEx
Log: Imported: Class Interface.FlightShipCtrlWnd
Log: FactoryCreateText: Class with ClassFactoryUC (0 1 ..\Interface\Classes\FlightTeleportWnd.uc)
Log: Class: FlightTeleportWnd extends UIScriptEx
Log: Imported: Class Interface.FlightTeleportWnd
Log: FactoryCreateText: Class with ClassFactoryUC (0 1 ..\Interface\Classes\FlightTransformCtrlWnd.uc)
Log: Class: FlightTransformCtrlWnd extends UIScriptEx
Log: Imported: Class Interface.FlightTransformCtrlWnd
Log: FactoryCreateText: Class with ClassFactoryUC (0 1 ..\Interface\Classes\GametipWnd.uc)
Log: Class: GametipWnd extends UIScriptEx
Log: Imported: Class Interface.GametipWnd
Log: FactoryCreateText: Class with ClassFactoryUC (0 1 ..\Interface\Classes\GMClanWnd.uc)
Log: Class: GMClanWnd extends ClanWnd
Log: Imported: Class Interface.GMClanWnd
Log: FactoryCreateText: Class with ClassFactoryUC (0 1 ..\Interface\Classes\GMDetailStatusWnd.uc)
Log: Class: GMDetailStatusWnd extends DetailStatusWnd
Log: Imported: Class Interface.GMDetailStatusWnd
Log: FactoryCreateText: Class with ClassFactoryUC (0 1 ..\Interface\Classes\GMFindTreeWnd.uc)
Log: Class: GMFindTreeWnd extends UICommonAPI
Log: Imported: Class Interface.GMFindTreeWnd
Log: FactoryCreateText: Class with ClassFactoryUC (0 1 ..\Interface\Classes\GMInventoryWnd.uc)
Log: Class: GMInventoryWnd extends InventoryWnd
Log: Imported: Class Interface.GMInventoryWnd
Log: FactoryCreateText: Class with ClassFactoryUC (0 1 ..\Interface\Classes\GMMagicSkillWnd.uc)
Log: Class: GMMagicSkillWnd extends MagicSkillWnd
Log: Imported: Class Interface.GMMagicSkillWnd
Log: FactoryCreateText: Class with ClassFactoryUC (0 1 ..\Interface\Classes\GMMap.uc)
Log: Class: GMMap extends UICommonAPI
Log: Imported: Class Interface.GMMap
Log: FactoryCreateText: Class with ClassFactoryUC (0 1 ..\Interface\Classes\GMQuestWnd.uc)
Log: Class: GMQuestWnd extends QuestTreeWnd
Log: Imported: Class Interface.GMQuestWnd
Log: FactoryCreateText: Class with ClassFactoryUC (0 1 ..\Interface\Classes\GMSnoopWnd.uc)
Log: Class: GMSnoopWnd extends UICommonAPI
Log: Imported: Class Interface.GMSnoopWnd
Log: FactoryCreateText: Class with ClassFactoryUC (0 1 ..\Interface\Classes\GMWarehouseWnd.uc)
Log: Class: GMWarehouseWnd extends WarehouseWnd
Log: Imported: Class Interface.GMWarehouseWnd
Log: FactoryCreateText: Class with ClassFactoryUC (0 1 ..\Interface\Classes\GMWnd.uc)
Log: Class: GMWnd extends UICommonAPI
Log: Imported: Class Interface.GMWnd
Log: FactoryCreateText: Class with ClassFactoryUC (0 1 ..\Interface\Classes\GuideWnd.uc)
Log: Class: GuideWnd extends UIScriptEx
Log: Imported: Class Interface.GuideWnd
Log: FactoryCreateText: Class with ClassFactoryUC (0 1 ..\Interface\Classes\Hash.uc)
Log: Class: Hash extends UICommonAPI
Log: Imported: Class Interface.Hash
Log: FactoryCreateText: Class with ClassFactoryUC (0 1 ..\Interface\Classes\HDRRenderTestWnd.uc)
Log: Class: HDRRenderTestWnd extends UICommonAPI
Log: Imported: Class Interface.HDRRenderTestWnd
Log: FactoryCreateText: Class with ClassFactoryUC (0 1 ..\Interface\Classes\HelpHtmlWnd.uc)
Log: Class: HelpHtmlWnd extends UIScriptEx
Log: Imported: Class Interface.HelpHtmlWnd
Log: FactoryCreateText: Class with ClassFactoryUC (0 1 ..\Interface\Classes\HennaInfoWnd.uc)
Log: Class: HennaInfoWnd extends UIScriptEx
Log: Imported: Class Interface.HennaInfoWnd
Log: FactoryCreateText: Class with ClassFactoryUC (0 1 ..\Interface\Classes\HennaListWnd.uc)
Log: Class: HennaListWnd extends UICommonAPI
Log: Imported: Class Interface.HennaListWnd
Log: FactoryCreateText: Class with ClassFactoryUC (0 1 ..\Interface\Classes\HeroTowerWnd.uc)
Log: Class: HeroTowerWnd extends UIScriptEx
Log: Imported: Class Interface.HeroTowerWnd
Log: FactoryCreateText: Class with ClassFactoryUC (0 1 ..\Interface\Classes\InventoryWnd.uc)
Log: Class: InventoryWnd extends UICommonAPI
Log: Imported: Class Interface.InventoryWnd
Log: FactoryCreateText: Class with ClassFactoryUC (0 1 ..\Interface\Classes\InviteClanPopWnd.uc)
Log: Class: InviteClanPopWnd extends UIScriptEx
Log: Imported: Class Interface.InviteClanPopWnd
Log: FactoryCreateText: Class with ClassFactoryUC (0 1 ..\Interface\Classes\ItemControlWnd.uc)
Log: Class: ItemControlWnd extends UICommonAPI
Log: Imported: Class Interface.ItemControlWnd
Log: FactoryCreateText: Class with ClassFactoryUC (0 1 ..\Interface\Classes\ItemDescWnd.uc)
Log: Class: ItemDescWnd extends UICommonAPI
Log: Imported: Class Interface.ItemDescWnd
Log: FactoryCreateText: Class with ClassFactoryUC (0 1 ..\Interface\Classes\ItemEnchantWnd.uc)
Log: Class: ItemEnchantWnd extends UICommonAPI
Log: Imported: Class Interface.ItemEnchantWnd
Log: FactoryCreateText: Class with ClassFactoryUC (0 1 ..\Interface\Classes\KillpointCounterWnd.uc)
Log: Class: KillPointCounterWnd extends UIScriptEx
Log: Imported: Class Interface.KillpointCounterWnd
Log: FactoryCreateText: Class with ClassFactoryUC (0 1 ..\Interface\Classes\KillpointRankTrigger.uc)
Log: Class: KillPointRankTrigger extends UIScriptEx
Log: Imported: Class Interface.KillpointRankTrigger
Log: FactoryCreateText: Class with ClassFactoryUC (0 1 ..\Interface\Classes\KillPointRankWnd.uc)
Log: Class: KillPointRankWnd extends UIScriptEx
Log: Imported: Class Interface.KillPointRankWnd
Log: FactoryCreateText: Class with ClassFactoryUC (0 1 ..\Interface\Classes\L2Util.uc)
Log: Class: L2Util extends UICommonAPI
Log: Imported: Class Interface.L2Util
Log: FactoryCreateText: Class with ClassFactoryUC (0 1 ..\Interface\Classes\LoadingAniWnd.uc)
Log: Class: LoadingAniWnd extends UIScriptEx
Log: Imported: Class Interface.LoadingAniWnd
Log: FactoryCreateText: Class with ClassFactoryUC (0 1 ..\Interface\Classes\LoadingWnd.uc)
Log: Class: LoadingWnd extends UIScriptEx
Log: Imported: Class Interface.LoadingWnd
Log: FactoryCreateText: Class with ClassFactoryUC (0 1 ..\Interface\Classes\LoadingWnd_cn.uc)
Log: Class: LoadingWnd_cn extends LoadingWnd
Log: Imported: Class Interface.LoadingWnd_cn
Log: FactoryCreateText: Class with ClassFactoryUC (0 1 ..\Interface\Classes\LoadingWnd_e.uc)
Log: Class: LoadingWnd_e extends LoadingWnd
Log: Imported: Class Interface.LoadingWnd_e
Log: FactoryCreateText: Class with ClassFactoryUC (0 1 ..\Interface\Classes\LoadingWnd_j.uc)
Log: Class: LoadingWnd_j extends LoadingWnd
Log: Imported: Class Interface.LoadingWnd_j
Log: FactoryCreateText: Class with ClassFactoryUC (0 1 ..\Interface\Classes\LoadingWnd_k.uc)
Log: Class: LoadingWnd_k extends LoadingWnd
Log: Imported: Class Interface.LoadingWnd_k
Log: FactoryCreateText: Class with ClassFactoryUC (0 1 ..\Interface\Classes\LoadingWnd_ph.uc)
Log: Class: LoadingWnd_ph extends LoadingWnd
Log: Imported: Class Interface.LoadingWnd_ph
Log: FactoryCreateText: Class with ClassFactoryUC (0 1 ..\Interface\Classes\LoadingWnd_ru.uc)
Log: Class: LoadingWnd_ru extends LoadingWnd
Log: Imported: Class Interface.LoadingWnd_ru
Log: FactoryCreateText: Class with ClassFactoryUC (0 1 ..\Interface\Classes\LoadingWnd_th.uc)
Log: Class: LoadingWnd_th extends LoadingWnd
Log: Imported: Class Interface.LoadingWnd_th
Log: FactoryCreateText: Class with ClassFactoryUC (0 1 ..\Interface\Classes\LoadingWnd_tw.uc)
Log: Class: LoadingWnd_tw extends LoadingWnd
Log: Imported: Class Interface.LoadingWnd_tw
Log: FactoryCreateText: Class with ClassFactoryUC (0 1 ..\Interface\Classes\LobbyMenuWnd.uc)
Log: Class: LobbyMenuWnd extends UICommonAPI
Log: Imported: Class Interface.LobbyMenuWnd
Log: FactoryCreateText: Class with ClassFactoryUC (0 1 ..\Interface\Classes\LoginMenuWnd.uc)
Log: Class: LoginMenuWnd extends UICommonAPI
Log: Imported: Class Interface.LoginMenuWnd
Log: FactoryCreateText: Class with ClassFactoryUC (0 1 ..\Interface\Classes\LSTimerWnd.uc)
Log: Class: LSTimerWnd extends UICommonAPI
Log: Imported: Class Interface.LSTimerWnd
Log: FactoryCreateText: Class with ClassFactoryUC (0 1 ..\Interface\Classes\MacroEditWnd.uc)
Log: Class: MacroEditWnd extends UICommonAPI
Log: Imported: Class Interface.MacroEditWnd
Log: FactoryCreateText: Class with ClassFactoryUC (0 1 ..\Interface\Classes\MacroInfoWnd.uc)
Log: Class: MacroInfoWnd extends UICommonAPI
Log: Imported: Class Interface.MacroInfoWnd
Log: FactoryCreateText: Class with ClassFactoryUC (0 1 ..\Interface\Classes\MacroListWnd.uc)
Log: Class: MacroListWnd extends UICommonAPI
Log: Imported: Class Interface.MacroListWnd
Log: FactoryCreateText: Class with ClassFactoryUC (0 1 ..\Interface\Classes\MagicSkillDrawerWnd.uc)
Log: Class: MagicSkillDrawerWnd extends UICommonAPI
Log: Imported: Class Interface.MagicSkillDrawerWnd
Log: FactoryCreateText: Class with ClassFactoryUC (0 1 ..\Interface\Classes\MagicskillGuideWnd.uc)
Log: Class: MagicskillGuideWnd extends UICommonAPI
Log: Imported: Class Interface.MagicskillGuideWnd
Log: FactoryCreateText: Class with ClassFactoryUC (0 1 ..\Interface\Classes\MagicSkillWnd.uc)
Log: Class: MagicSkillWnd extends UICommonAPI
Log: Imported: Class Interface.MagicSkillWnd
Log: FactoryCreateText: Class with ClassFactoryUC (0 1 ..\Interface\Classes\MailBtnWnd.uc)
Log: Class: MailBtnWnd extends UICommonAPI
Log: Imported: Class Interface.MailBtnWnd
Log: FactoryCreateText: Class with ClassFactoryUC (0 1 ..\Interface\Classes\ManorCropInfoChangeWnd.uc)
Log: Class: ManorCropInfoChangeWnd extends UICommonAPI
Log: Imported: Class Interface.ManorCropInfoChangeWnd
Log: FactoryCreateText: Class with ClassFactoryUC (0 1 ..\Interface\Classes\ManorCropInfoSettingWnd.uc)
Log: Class: ManorCropInfoSettingWnd extends UICommonAPI
Log: Imported: Class Interface.ManorCropInfoSettingWnd
Log: FactoryCreateText: Class with ClassFactoryUC (0 1 ..\Interface\Classes\ManorCropSellChangeWnd.uc)
Log: Class: ManorCropSellChangeWnd extends UICommonAPI
Log: Imported: Class Interface.ManorCropSellChangeWnd
Log: FactoryCreateText: Class with ClassFactoryUC (0 1 ..\Interface\Classes\ManorCropSellWnd.uc)
Log: Class: ManorCropSellWnd extends UICommonAPI
Log: Imported: Class Interface.ManorCropSellWnd
Log: FactoryCreateText: Class with ClassFactoryUC (0 1 ..\Interface\Classes\ManorInfoWnd.uc)
Log: Class: ManorInfoWnd extends UICommonAPI
Log: Imported: Class Interface.ManorInfoWnd
Log: FactoryCreateText: Class with ClassFactoryUC (0 1 ..\Interface\Classes\ManorSeedInfoChangeWnd.uc)
Log: Class: ManorSeedInfoChangeWnd extends UICommonAPI
Log: Imported: Class Interface.ManorSeedInfoChangeWnd
Log: FactoryCreateText: Class with ClassFactoryUC (0 1 ..\Interface\Classes\ManorSeedInfoSettingWnd.uc)
Log: Class: ManorSeedInfoSettingWnd extends UICommonAPI
Log: Imported: Class Interface.ManorSeedInfoSettingWnd
Log: FactoryCreateText: Class with ClassFactoryUC (0 1 ..\Interface\Classes\ManorShopWnd.uc)
Log: Class: ManorShopWnd extends SeedShopWnd
Log: Imported: Class Interface.ManorShopWnd
Log: FactoryCreateText: Class with ClassFactoryUC (0 1 ..\Interface\Classes\MenuWnd.uc)
Log: Class: MenuWnd extends UICommonAPI
Log: Imported: Class Interface.MenuWnd
Log: FactoryCreateText: Class with ClassFactoryUC (0 1 ..\Interface\Classes\MiniGame1Wnd.uc)
Log: Class: MiniGame1Wnd extends UIScriptEx
Log: Imported: Class Interface.MiniGame1Wnd
Log: FactoryCreateText: Class with ClassFactoryUC (0 1 ..\Interface\Classes\MiniMapDrawerWnd.uc)
Log: Class: MiniMapDrawerWnd extends UICommonAPI
Log: Imported: Class Interface.MiniMapDrawerWnd
Log: FactoryCreateText: Class with ClassFactoryUC (0 1 ..\Interface\Classes\MinimapWnd.uc)
Log: Class: MinimapWnd extends UICommonAPI
Log: Imported: Class Interface.MinimapWnd
Log: FactoryCreateText: Class with ClassFactoryUC (0 1 ..\Interface\Classes\MinimapWnd_Expand.uc)
Log: Class: MinimapWnd_Expand extends UICommonAPI
Log: Imported: Class Interface.MinimapWnd_Expand
Log: FactoryCreateText: Class with ClassFactoryUC (0 1 ..\Interface\Classes\MoviePlayerWnd.uc)
Log: Class: MoviePlayerWnd extends UICommonAPI
Log: Imported: Class Interface.MoviePlayerWnd
Log: FactoryCreateText: Class with ClassFactoryUC (0 1 ..\Interface\Classes\MSViewerWnd.uc)
Log: Class: MSViewerWnd extends UICommonAPI
Log: Imported: Class Interface.MSViewerWnd
Log: FactoryCreateText: Class with ClassFactoryUC (0 1 ..\Interface\Classes\MultiSellWnd.uc)
Log: Class: MultiSellWnd extends UICommonAPI
Log: Imported: Class Interface.MultiSellWnd
Log: FactoryCreateText: Class with ClassFactoryUC (0 1 ..\Interface\Classes\NewPetitionFeedBackResultWnd.uc)
Log: Class: NewPetitionFeedBackResultWnd extends UICommonAPI
Log: Imported: Class Interface.NewPetitionFeedBackResultWnd
Log: FactoryCreateText: Class with ClassFactoryUC (0 1 ..\Interface\Classes\NewPetitionFeedBackWnd.uc)
Log: Class: NewPetitionFeedBackWnd extends UICommonAPI
Log: Imported: Class Interface.NewPetitionFeedBackWnd
Log: FactoryCreateText: Class with ClassFactoryUC (0 1 ..\Interface\Classes\NewPetitionFeedBackWnd_2nd.uc)
Log: Class: NewPetitionFeedBackWnd_2nd extends UICommonAPI
Log: Imported: Class Interface.NewPetitionFeedBackWnd_2nd
Log: FactoryCreateText: Class with ClassFactoryUC (0 1 ..\Interface\Classes\NewPetitionWnd.uc)
Log: Class: NewPetitionWnd extends UICommonAPI
Log: Imported: Class Interface.NewPetitionWnd
Log: FactoryCreateText: Class with ClassFactoryUC (0 1 ..\Interface\Classes\NewUserPetitionDrawerWnd.uc)
Log: Class: NewUserPetitionDrawerWnd extends UICommonAPI
Log: Imported: Class Interface.NewUserPetitionDrawerWnd
Log: FactoryCreateText: Class with ClassFactoryUC (0 1 ..\Interface\Classes\NewUserPetitionWnd.uc)
Log: Class: NewUserPetitionWnd extends UICommonAPI
Log: Imported: Class Interface.NewUserPetitionWnd
Log: FactoryCreateText: Class with ClassFactoryUC (0 1 ..\Interface\Classes\NPCDialogWnd.uc)
Log: Class: NPCDialogWnd extends UICommonAPI
Log: Imported: Class Interface.NPCDialogWnd
Log: FactoryCreateText: Class with ClassFactoryUC (0 1 ..\Interface\Classes\ObserverWnd.uc)
Log: Class: ObserverWnd extends UICommonAPI
Log: Imported: Class Interface.ObserverWnd
Log: FactoryCreateText: Class with ClassFactoryUC (0 1 ..\Interface\Classes\OlyDmgOptionWnd.uc)
Log: Class: OlyDmgOptionWnd extends UICommonAPI
Log: Imported: Class Interface.OlyDmgOptionWnd
Log: FactoryCreateText: Class with ClassFactoryUC (0 1 ..\Interface\Classes\OlympiadBuff1Wnd.uc)
Log: Class: OlympiadBuff1Wnd extends OlympiadBuffWnd
Log: Imported: Class Interface.OlympiadBuff1Wnd
Log: FactoryCreateText: Class with ClassFactoryUC (0 1 ..\Interface\Classes\OlympiadBuff2Wnd.uc)
Log: Class: OlympiadBuff2Wnd extends OlympiadBuffWnd
Log: Imported: Class Interface.OlympiadBuff2Wnd
Log: FactoryCreateText: Class with ClassFactoryUC (0 1 ..\Interface\Classes\OlympiadBuffWnd.uc)
Log: Class: OlympiadBuffWnd extends UICommonAPI
Log: Imported: Class Interface.OlympiadBuffWnd
Log: FactoryCreateText: Class with ClassFactoryUC (0 1 ..\Interface\Classes\OlympiadControlWnd.uc)
Log: Class: OlympiadControlWnd extends UIScriptEx
Log: Imported: Class Interface.OlympiadControlWnd
Log: FactoryCreateText: Class with ClassFactoryUC (0 1 ..\Interface\Classes\OlympiadDmgWnd.uc)
Log: Class: OlympiadDmgWnd extends UICommonAPI
Log: Imported: Class Interface.OlympiadDmgWnd
Log: FactoryCreateText: Class with ClassFactoryUC (0 1 ..\Interface\Classes\OlympiadGuideWnd.uc)
Log: Class: OlympiadGuideWnd extends UICommonAPI
Log: Imported: Class Interface.OlympiadGuideWnd
Log: FactoryCreateText: Class with ClassFactoryUC (0 1 ..\Interface\Classes\OlympiadPlayer1Wnd.uc)
Log: Class: OlympiadPlayer1Wnd extends OlympiadPlayerWnd
Log: Imported: Class Interface.OlympiadPlayer1Wnd
Log: FactoryCreateText: Class with ClassFactoryUC (0 1 ..\Interface\Classes\OlympiadPlayer2Wnd.uc)
Log: Class: OlympiadPlayer2Wnd extends OlympiadPlayerWnd
Log: Imported: Class Interface.OlympiadPlayer2Wnd
Log: FactoryCreateText: Class with ClassFactoryUC (0 1 ..\Interface\Classes\OlympiadPlayerWnd.uc)
Log: Class: OlympiadPlayerWnd extends UICommonAPI
Log: Imported: Class Interface.OlympiadPlayerWnd
Log: FactoryCreateText: Class with ClassFactoryUC (0 1 ..\Interface\Classes\OlympiadSummonWnd.uc)
Log: Class: OlympiadSummonWnd extends UICommonAPI
Log: Imported: Class Interface.OlympiadSummonWnd
Log: FactoryCreateText: Class with ClassFactoryUC (0 1 ..\Interface\Classes\OlympiadTargetWnd.uc)
Log: Class: OlympiadTargetWnd extends UIScriptEx
Log: Imported: Class Interface.OlympiadTargetWnd
Log: FactoryCreateText: Class with ClassFactoryUC (0 1 ..\Interface\Classes\OnScreenDmg.uc)
Log: Class: OnScreenDmg extends UICommonAPI
Log: Imported: Class Interface.OnScreenDmg
Log: FactoryCreateText: Class with ClassFactoryUC (0 1 ..\Interface\Classes\OnScreenMessageWnd.uc)
Log: Class: OnScreenMessageWnd extends UIScriptEx
Log: Imported: Class Interface.OnScreenMessageWnd
Log: FactoryCreateText: Class with ClassFactoryUC (0 1 ..\Interface\Classes\OptionWnd.uc)
Log: Class: OptionWnd extends UICommonAPI
Log: Imported: Class Interface.OptionWnd
Log: FactoryCreateText: Class with ClassFactoryUC (0 1 ..\Interface\Classes\OverlayWnd.uc)
Log: Class: OverlayWnd extends UICommonAPI
Log: Imported: Class Interface.OverlayWnd
Log: FactoryCreateText: Class with ClassFactoryUC (0 1 ..\Interface\Classes\PartyMatchMakeRoomWnd.uc)
Log: Class: PartyMatchMakeRoomWnd extends UIScriptEx
Log: Imported: Class Interface.PartyMatchMakeRoomWnd
Log: FactoryCreateText: Class with ClassFactoryUC (0 1 ..\Interface\Classes\PartyMatchOutWaitListWnd.uc)
Log: Class: PartyMatchOutWaitListWnd extends PartyMatchWndCommon
Log: Imported: Class Interface.PartyMatchOutWaitListWnd
Log: FactoryCreateText: Class with ClassFactoryUC (0 1 ..\Interface\Classes\PartyMatchRoomWnd.uc)
Log: Class: PartyMatchRoomWnd extends PartyMatchWndCommon
Log: Imported: Class Interface.PartyMatchRoomWnd
Log: FactoryCreateText: Class with ClassFactoryUC (0 1 ..\Interface\Classes\PartyMatchWaitListWnd.uc)
Log: Class: PartyMatchWaitListWnd extends PartyMatchWndCommon
Log: Imported: Class Interface.PartyMatchWaitListWnd
Log: FactoryCreateText: Class with ClassFactoryUC (0 1 ..\Interface\Classes\PartyMatchWnd.uc)
Log: Class: PartyMatchWnd extends PartyMatchWndCommon
Log: Imported: Class Interface.PartyMatchWnd
Log: FactoryCreateText: Class with ClassFactoryUC (0 1 ..\Interface\Classes\PartyMatchWndCommon.uc)
Log: Class: PartyMatchWndCommon extends UICommonAPI
Log: Imported: Class Interface.PartyMatchWndCommon
Log: FactoryCreateText: Class with ClassFactoryUC (0 1 ..\Interface\Classes\PartyWnd.uc)
Log: Class: PartyWnd extends UICommonAPI
Log: Imported: Class Interface.PartyWnd
Log: FactoryCreateText: Class with ClassFactoryUC (0 1 ..\Interface\Classes\PartyWndCompact.uc)
Log: Class: PartyWndCompact extends UICommonAPI
Log: Imported: Class Interface.PartyWndCompact
Log: FactoryCreateText: Class with ClassFactoryUC (0 1 ..\Interface\Classes\PartyWndOption.uc)
Log: Class: PartyWndOption extends UIScriptEx
Log: Imported: Class Interface.PartyWndOption
Log: FactoryCreateText: Class with ClassFactoryUC (0 1 ..\Interface\Classes\PCCafeEventWnd.uc)
Log: Class: PCCafeEventWnd extends UICommonAPI
Log: Imported: Class Interface.PCCafeEventWnd
Log: FactoryCreateText: Class with ClassFactoryUC (0 1 ..\Interface\Classes\PetitionFeedBackWnd.uc)
Log: Class: PetitionFeedBackWnd extends UICommonAPI
Log: Imported: Class Interface.PetitionFeedBackWnd
Log: FactoryCreateText: Class with ClassFactoryUC (0 1 ..\Interface\Classes\PetitionWnd.uc)
Log: Class: PetitionWnd extends UICommonAPI
Log: Imported: Class Interface.PetitionWnd
Log: FactoryCreateText: Class with ClassFactoryUC (0 1 ..\Interface\Classes\PetStatusWnd.uc)
Log: Class: PetStatusWnd extends UICommonAPI
Log: Imported: Class Interface.PetStatusWnd
Log: FactoryCreateText: Class with ClassFactoryUC (0 1 ..\Interface\Classes\PetWnd.uc)
Log: Class: PetWnd extends UICommonAPI
Log: Imported: Class Interface.PetWnd
Log: FactoryCreateText: Class with ClassFactoryUC (0 1 ..\Interface\Classes\PlayerOlyStat.uc)
Log: Class: PlayerOlyStat extends UICommonAPI
Log: Imported: Class Interface.PlayerOlyStat
Log: FactoryCreateText: Class with ClassFactoryUC (0 1 ..\Interface\Classes\PostBoxWnd.uc)
Log: Class: PostBoxWnd extends UICommonAPI
Log: Imported: Class Interface.PostBoxWnd
Log: FactoryCreateText: Class with ClassFactoryUC (0 1 ..\Interface\Classes\PostDetailWnd_General.uc)
Log: Class: PostDetailWnd_General extends UICommonAPI
Log: Imported: Class Interface.PostDetailWnd_General
Log: FactoryCreateText: Class with ClassFactoryUC (0 1 ..\Interface\Classes\PostDetailWnd_SafetyTrade.uc)
Log: Class: PostDetailWnd_SafetyTrade extends UICommonAPI
Log: Imported: Class Interface.PostDetailWnd_SafetyTrade
Log: FactoryCreateText: Class with ClassFactoryUC (0 1 ..\Interface\Classes\PostEffectTestWnd.uc)
Log: Class: PostEffectTestWnd extends UICommonAPI
Log: Imported: Class Interface.PostEffectTestWnd
Log: FactoryCreateText: Class with ClassFactoryUC (0 1 ..\Interface\Classes\PostReceiverListAddWnd.uc)
Log: Class: PostReceiverListAddWnd extends UICommonAPI
Log: Imported: Class Interface.PostReceiverListAddWnd
Log: FactoryCreateText: Class with ClassFactoryUC (0 1 ..\Interface\Classes\PostReceiverListWnd.uc)
Log: Class: PostReceiverListWnd extends UICommonAPI
Log: Imported: Class Interface.PostReceiverListWnd
Log: FactoryCreateText: Class with ClassFactoryUC (0 1 ..\Interface\Classes\PostWriteWnd.uc)
Log: Class: PostWriteWnd extends UICommonAPI
Log: Imported: Class Interface.PostWriteWnd
Log: FactoryCreateText: Class with ClassFactoryUC (0 1 ..\Interface\Classes\PremiumItemAlarmWnd.uc)
Log: Class: PremiumItemAlarmWnd extends UICommonAPI
Log: Imported: Class Interface.PremiumItemAlarmWnd
Log: FactoryCreateText: Class with ClassFactoryUC (0 1 ..\Interface\Classes\PremiumItemBtnWnd.uc)
Log: Class: PremiumItemBtnWnd extends UICommonAPI
Log: Imported: Class Interface.PremiumItemBtnWnd
Log: FactoryCreateText: Class with ClassFactoryUC (0 1 ..\Interface\Classes\PremiumItemGetWnd.uc)
Log: Class: PremiumItemGetWnd extends UICommonAPI
Log: Imported: Class Interface.PremiumItemGetWnd
Log: FactoryCreateText: Class with ClassFactoryUC (0 1 ..\Interface\Classes\PrivateMarketWnd.uc)
Log: Class: PrivateMarketWnd extends UICommonAPI
Log: Imported: Class Interface.PrivateMarketWnd
Log: FactoryCreateText: Class with ClassFactoryUC (0 1 ..\Interface\Classes\PrivateShopWnd.uc)
Log: Class: PrivateShopWnd extends UICommonAPI
Log: Imported: Class Interface.PrivateShopWnd
Log: FactoryCreateText: Class with ClassFactoryUC (0 1 ..\Interface\Classes\ProductInventoryDrawerWnd.uc)
Log: Class: ProductInventoryDrawerWnd extends UICommonAPI
Log: Imported: Class Interface.ProductInventoryDrawerWnd
Log: FactoryCreateText: Class with ClassFactoryUC (0 1 ..\Interface\Classes\ProductInventoryHelpHtmlWnd.uc)
Log: Class: ProductInventoryHelpHtmlWnd extends UICommonAPI
Log: Imported: Class Interface.ProductInventoryHelpHtmlWnd
Log: FactoryCreateText: Class with ClassFactoryUC (0 1 ..\Interface\Classes\ProductInventoryWnd.uc)
Log: Class: ProductInventoryWnd extends UICommonAPI
Log: Imported: Class Interface.ProductInventoryWnd
Log: FactoryCreateText: Class with ClassFactoryUC (0 1 ..\Interface\Classes\ProgressBox.uc)
Log: Class: ProgressBox extends UICommonAPI
Log: Imported: Class Interface.ProgressBox
Log: FactoryCreateText: Class with ClassFactoryUC (0 1 ..\Interface\Classes\PVPCounter.uc)
Log: Class: PVPCounter extends UIScriptEx
Log: Imported: Class Interface.PVPCounter
Log: FactoryCreateText: Class with ClassFactoryUC (0 1 ..\Interface\Classes\PVPCounterTrigger.uc)
Log: Class: PVPCounterTrigger extends UIScriptEx
Log: Imported: Class Interface.PVPCounterTrigger
Log: FactoryCreateText: Class with ClassFactoryUC (0 1 ..\Interface\Classes\PVPDetailedWnd.uc)
Log: Class: PVPDetailedWnd extends UIScriptEx
Log: Imported: Class Interface.PVPDetailedWnd
Log: FactoryCreateText: Class with ClassFactoryUC (0 1 ..\Interface\Classes\QuestAlarmWnd.uc)
Log: Class: QuestAlarmWnd extends UICommonAPI
Log: Imported: Class Interface.QuestAlarmWnd
Log: FactoryCreateText: Class with ClassFactoryUC (0 1 ..\Interface\Classes\QuestBtnWnd.uc)
Log: Class: QuestBtnWnd extends UICommonAPI
Log: Imported: Class Interface.QuestBtnWnd
Log: FactoryCreateText: Class with ClassFactoryUC (0 1 ..\Interface\Classes\QuestHTMLWnd.uc)
Log: Class: QuestHTMLWnd extends UICommonAPI
Log: Imported: Class Interface.QuestHTMLWnd
Log: FactoryCreateText: Class with ClassFactoryUC (0 1 ..\Interface\Classes\QuestListWnd.uc)
Log: Class: QuestListWnd extends UIScriptEx
Log: Imported: Class Interface.QuestListWnd
Log: FactoryCreateText: Class with ClassFactoryUC (0 1 ..\Interface\Classes\QuestTreeDrawerWnd.uc)
Log: Class: QuestTreeDrawerWnd extends UICommonAPI
Log: Imported: Class Interface.QuestTreeDrawerWnd
Log: FactoryCreateText: Class with ClassFactoryUC (0 1 ..\Interface\Classes\QuestTreeWnd.uc)
Log: Class: QuestTreeWnd extends UICommonAPI
Log: Imported: Class Interface.QuestTreeWnd
Log: FactoryCreateText: Class with ClassFactoryUC (0 1 ..\Interface\Classes\RadarMapWnd.uc)
Log: Class: RadarMapWnd extends UICommonAPI
Log: Imported: Class Interface.RadarMapWnd
Log: FactoryCreateText: Class with ClassFactoryUC (0 1 ..\Interface\Classes\RadarOptionWnd.uc)
Log: Class: RadarOptionWnd extends UICommonAPI
Log: Imported: Class Interface.RadarOptionWnd
Log: FactoryCreateText: Class with ClassFactoryUC (0 1 ..\Interface\Classes\RecipeBookWnd.uc)
Log: Class: RecipeBookWnd extends UICommonAPI
Log: Imported: Class Interface.RecipeBookWnd
Log: FactoryCreateText: Class with ClassFactoryUC (0 1 ..\Interface\Classes\RecipeBuyListWnd.uc)
Log: Class: RecipeBuyListWnd extends UICommonAPI
Log: Imported: Class Interface.RecipeBuyListWnd
Log: FactoryCreateText: Class with ClassFactoryUC (0 1 ..\Interface\Classes\RecipeBuyManufactureWnd.uc)
Log: Class: RecipeBuyManufactureWnd extends UICommonAPI
Log: Imported: Class Interface.RecipeBuyManufactureWnd
Log: FactoryCreateText: Class with ClassFactoryUC (0 1 ..\Interface\Classes\RecipeManufactureWnd.uc)
Log: Class: RecipeManufactureWnd extends UICommonAPI
Log: Imported: Class Interface.RecipeManufactureWnd
Log: FactoryCreateText: Class with ClassFactoryUC (0 1 ..\Interface\Classes\RecipeShopWnd.uc)
Log: Class: RecipeShopWnd extends UICommonAPI
Log: Imported: Class Interface.RecipeShopWnd
Log: FactoryCreateText: Class with ClassFactoryUC (0 1 ..\Interface\Classes\RecipeTreeWnd.uc)
Log: Class: RecipeTreeWnd extends UICommonAPI
Log: Imported: Class Interface.RecipeTreeWnd
Log: FactoryCreateText: Class with ClassFactoryUC (0 1 ..\Interface\Classes\RecommendBonusHelpHtmlWnd.uc)
Log: Class: RecommendBonusHelpHtmlWnd extends UICommonAPI
Log: Imported: Class Interface.RecommendBonusHelpHtmlWnd
Log: FactoryCreateText: Class with ClassFactoryUC (0 1 ..\Interface\Classes\RecommendBonusWnd.uc)
Log: Class: RecommendBonusWnd extends UICommonAPI
Log: Imported: Class Interface.RecommendBonusWnd
Log: FactoryCreateText: Class with ClassFactoryUC (0 1 ..\Interface\Classes\RefineryWnd.uc)
Log: Class: RefineryWnd extends UICommonAPI
Log: Imported: Class Interface.RefineryWnd
Log: FactoryCreateText: Class with ClassFactoryUC (0 1 ..\Interface\Classes\RefOptionWnd.uc)
Log: Class: RefOptionWnd extends UICommonAPI
Log: Imported: Class Interface.RefOptionWnd
Log: FactoryCreateText: Class with ClassFactoryUC (0 1 ..\Interface\Classes\ReplayListWnd.uc)
Log: Class: ReplayListWnd extends UIScriptEx
Log: Imported: Class Interface.ReplayListWnd
Log: FactoryCreateText: Class with ClassFactoryUC (0 1 ..\Interface\Classes\ReplayLogoWnd.uc)
Log: Class: ReplayLogoWnd extends UIScriptEx
Log: Imported: Class Interface.ReplayLogoWnd
Log: FactoryCreateText: Class with ClassFactoryUC (0 1 ..\Interface\Classes\ReplayLogoWnd_cn.uc)
Log: Class: ReplayLogoWnd_cn extends ReplayLogoWnd
Log: Imported: Class Interface.ReplayLogoWnd_cn
Log: FactoryCreateText: Class with ClassFactoryUC (0 1 ..\Interface\Classes\ReplayLogoWnd_e.uc)
Log: Class: ReplayLogoWnd_e extends ReplayLogoWnd
Log: Imported: Class Interface.ReplayLogoWnd_e
Log: FactoryCreateText: Class with ClassFactoryUC (0 1 ..\Interface\Classes\ReplayLogoWnd_j.uc)
Log: Class: ReplayLogoWnd_j extends ReplayLogoWnd
Log: Imported: Class Interface.ReplayLogoWnd_j
Log: FactoryCreateText: Class with ClassFactoryUC (0 1 ..\Interface\Classes\ReplayLogoWnd_k.uc)
Log: Class: ReplayLogoWnd_k extends ReplayLogoWnd
Log: Imported: Class Interface.ReplayLogoWnd_k
Log: FactoryCreateText: Class with ClassFactoryUC (0 1 ..\Interface\Classes\ReplayLogoWnd_ph.uc)
Log: Class: ReplayLogoWnd_ph extends ReplayLogoWnd
Log: Imported: Class Interface.ReplayLogoWnd_ph
Log: FactoryCreateText: Class with ClassFactoryUC (0 1 ..\Interface\Classes\ReplayLogoWnd_ru.uc)
Log: Class: ReplayLogoWnd_ru extends ReplayLogoWnd
Log: Imported: Class Interface.ReplayLogoWnd_ru
Log: FactoryCreateText: Class with ClassFactoryUC (0 1 ..\Interface\Classes\ReplayLogoWnd_th.uc)
Log: Class: ReplayLogoWnd_th extends ReplayLogoWnd
Log: Imported: Class Interface.ReplayLogoWnd_th
Log: FactoryCreateText: Class with ClassFactoryUC (0 1 ..\Interface\Classes\ReplayLogoWnd_tw.uc)
Log: Class: ReplayLogoWnd_tw extends ReplayLogoWnd
Log: Imported: Class Interface.ReplayLogoWnd_tw
Log: FactoryCreateText: Class with ClassFactoryUC (0 1 ..\Interface\Classes\RestartMenuWnd.uc)
Log: Class: RestartMenuWnd extends UICommonAPI
Log: Imported: Class Interface.RestartMenuWnd
Log: FactoryCreateText: Class with ClassFactoryUC (0 1 ..\Interface\Classes\SaveLoadParty.uc)
Log: Class: SaveLoadParty extends UICommonAPI
Log: Imported: Class Interface.SaveLoadParty
Log: FactoryCreateText: Class with ClassFactoryUC (0 1 ..\Interface\Classes\SceneEditorDrawerWnd.uc)
Log: Class: SceneEditorDrawerWnd extends UICommonAPI
Log: Imported: Class Interface.SceneEditorDrawerWnd
Log: FactoryCreateText: Class with ClassFactoryUC (0 1 ..\Interface\Classes\SceneEditorSlideWnd.uc)
Log: Class: SceneEditorSlideWnd extends UICommonAPI
Log: Imported: Class Interface.SceneEditorSlideWnd
Log: FactoryCreateText: Class with ClassFactoryUC (0 1 ..\Interface\Classes\SceneEditorWnd.uc)
Log: Class: SceneEditorWnd extends UICommonAPI
Log: Imported: Class Interface.SceneEditorWnd
Log: FactoryCreateText: Class with ClassFactoryUC (0 1 ..\Interface\Classes\SeedShopWnd.uc)
Log: Class: SeedShopWnd extends UICommonAPI
Log: Imported: Class Interface.SeedShopWnd
Log: FactoryCreateText: Class with ClassFactoryUC (0 1 ..\Interface\Classes\SelectDeliverWnd.uc)
Log: Class: SelectDeliverWnd extends UICommonAPI
Log: Imported: Class Interface.SelectDeliverWnd
Log: FactoryCreateText: Class with ClassFactoryUC (0 1 ..\Interface\Classes\ShaderBuild.uc)
Log: Class: ShaderBuild extends UIScriptEx
Log: Imported: Class Interface.ShaderBuild
Log: FactoryCreateText: Class with ClassFactoryUC (0 1 ..\Interface\Classes\ShockExt.uc)
Log: Class: ShockExt extends UICommonAPI
Log: Imported: Class Interface.ShockExt
Log: FactoryCreateText: Class with ClassFactoryUC (0 1 ..\Interface\Classes\ShopWnd.uc)
Log: Class: ShopWnd extends UICommonAPI
Log: Imported: Class Interface.ShopWnd
Log: FactoryCreateText: Class with ClassFactoryUC (0 1 ..\Interface\Classes\Shortcut.uc)
Log: Class: Shortcut extends UIScriptEx
Log: Imported: Class Interface.Shortcut
Log: FactoryCreateText: Class with ClassFactoryUC (0 1 ..\Interface\Classes\ShortcutAssignWnd.uc)
Log: Class: ShortcutAssignWnd extends UICommonAPI
Log: Imported: Class Interface.ShortcutAssignWnd
Log: FactoryCreateText: Class with ClassFactoryUC (0 1 ..\Interface\Classes\ShortcutWnd.uc)
Log: Class: ShortcutWnd extends UICommonAPI
Log: Imported: Class Interface.ShortcutWnd
Log: FactoryCreateText: Class with ClassFactoryUC (0 1 ..\Interface\Classes\SiegeInfoWnd.uc)
Log: Class: SiegeInfoWnd extends UICommonAPI
Log: Imported: Class Interface.SiegeInfoWnd
Log: FactoryCreateText: Class with ClassFactoryUC (0 1 ..\Interface\Classes\SkillCast.uc)
Log: Class: SkillCast extends UICommonAPI
Log: Imported: Class Interface.SkillCast
Log: FactoryCreateText: Class with ClassFactoryUC (0 1 ..\Interface\Classes\SkillTrainClanTreeWnd.uc)
Log: Class: SkillTrainClanTreeWnd extends UICommonAPI
Log: Imported: Class Interface.SkillTrainClanTreeWnd
Log: FactoryCreateText: Class with ClassFactoryUC (0 1 ..\Interface\Classes\SkillTrainInfoWnd.uc)
Log: Class: SkillTrainInfoWnd extends UICommonAPI
Log: Imported: Class Interface.SkillTrainInfoWnd
Log: FactoryCreateText: Class with ClassFactoryUC (0 1 ..\Interface\Classes\SkillTrainListWnd.uc)
Log: Class: SkillTrainListWnd extends UICommonAPI
Log: Imported: Class Interface.SkillTrainListWnd
Log: FactoryCreateText: Class with ClassFactoryUC (0 1 ..\Interface\Classes\SSAOWnd.uc)
Log: Class: SSAOWnd extends UICommonAPI
Log: Imported: Class Interface.SSAOWnd
Log: FactoryCreateText: Class with ClassFactoryUC (0 1 ..\Interface\Classes\SSQMainBoard.uc)
Log: Class: SSQMainBoard extends UIScriptEx
Log: Imported: Class Interface.SSQMainBoard
Log: FactoryCreateText: Class with ClassFactoryUC (0 1 ..\Interface\Classes\StatusWnd.uc)
Log: Class: StatusWnd extends UICommonAPI
Log: Imported: Class Interface.StatusWnd
Log: FactoryCreateText: Class with ClassFactoryUC (0 1 ..\Interface\Classes\SummonedStatusWnd.uc)
Log: Class: SummonedStatusWnd extends UICommonAPI
Log: Imported: Class Interface.SummonedStatusWnd
Log: FactoryCreateText: Class with ClassFactoryUC (0 1 ..\Interface\Classes\SummonedWnd.uc)
Log: Class: SummonedWnd extends UICommonAPI
Log: Imported: Class Interface.SummonedWnd
Log: FactoryCreateText: Class with ClassFactoryUC (0 1 ..\Interface\Classes\SystemMenuWnd.uc)
Log: Class: SystemMenuWnd extends UICommonAPI
Log: Imported: Class Interface.SystemMenuWnd
Log: FactoryCreateText: Class with ClassFactoryUC (0 1 ..\Interface\Classes\SystemMsgWnd.uc)
Log: Class: SystemMsgWnd extends UIScriptEx
Log: Imported: Class Interface.SystemMsgWnd
Log: FactoryCreateText: Class with ClassFactoryUC (0 1 ..\Interface\Classes\SystemTutorialBtnWnd.uc)
Log: Class: SystemTutorialBtnWnd extends UICommonAPI
Log: Imported: Class Interface.SystemTutorialBtnWnd
Log: FactoryCreateText: Class with ClassFactoryUC (0 1 ..\Interface\Classes\SystemTutorialWnd.uc)
Log: Class: SystemTutorialWnd extends UICommonAPI
Log: Imported: Class Interface.SystemTutorialWnd
Log: FactoryCreateText: Class with ClassFactoryUC (0 1 ..\Interface\Classes\TaliWnd.uc)
Log: Class: TaliWnd extends UICommonAPI
Log: Imported: Class Interface.TaliWnd
Log: FactoryCreateText: Class with ClassFactoryUC (0 1 ..\Interface\Classes\TargetStatusWnd.uc)
Log: Class: TargetStatusWnd extends UICommonAPI
Log: Imported: Class Interface.TargetStatusWnd
Log: FactoryCreateText: Class with ClassFactoryUC (0 1 ..\Interface\Classes\TeleportBookMarkDrawerWnd.uc)
Log: Class: TeleportBookMarkDrawerWnd extends UICommonAPI
Log: Imported: Class Interface.TeleportBookMarkDrawerWnd
Log: FactoryCreateText: Class with ClassFactoryUC (0 1 ..\Interface\Classes\TeleportBookMarkWnd.uc)
Log: Class: TeleportBookMarkWnd extends UICommonAPI
Log: Imported: Class Interface.TeleportBookMarkWnd
Log: FactoryCreateText: Class with ClassFactoryUC (0 1 ..\Interface\Classes\TestPos.uc)
Log: Class: TestPos extends UICommonAPI
Log: Imported: Class Interface.TestPos
Log: FactoryCreateText: Class with ClassFactoryUC (0 1 ..\Interface\Classes\ToolTip.uc)
Log: Class: Tooltip extends UICommonAPI
Log: Imported: Class Interface.ToolTip
Log: FactoryCreateText: Class with ClassFactoryUC (0 1 ..\Interface\Classes\TownMapWnd.uc)
Log: Class: TownMapWnd extends UIScriptEx
Log: Imported: Class Interface.TownMapWnd
Log: FactoryCreateText: Class with ClassFactoryUC (0 1 ..\Interface\Classes\TradeWnd.uc)
Log: Class: TradeWnd extends UICommonAPI
Log: Imported: Class Interface.TradeWnd
Log: FactoryCreateText: Class with ClassFactoryUC (0 1 ..\Interface\Classes\TutorialBtnWnd.uc)
Log: Class: TutorialBtnWnd extends UICommonAPI
Log: Imported: Class Interface.TutorialBtnWnd
Log: FactoryCreateText: Class with ClassFactoryUC (0 1 ..\Interface\Classes\TutorialViewerWnd.uc)
Log: Class: TutorialViewerWnd extends UICommonAPI
Log: Imported: Class Interface.TutorialViewerWnd
Log: FactoryCreateText: Class with ClassFactoryUC (0 1 ..\Interface\Classes\UICommonAPI.uc)
Log: Class: UICommonAPI extends UIScriptEx
Log: Imported: Class Interface.UICommonAPI
Log: FactoryCreateText: Class with ClassFactoryUC (0 1 ..\Interface\Classes\UIEditor_ControlManager.uc)
Log: Class: UIEditor_ControlManager extends UICommonAPI
Log: Imported: Class Interface.UIEditor_ControlManager
Log: FactoryCreateText: Class with ClassFactoryUC (0 1 ..\Interface\Classes\UIEditor_DocumentInfo.uc)
Log: Class: UIEditor_DocumentInfo extends UICommonAPI
Log: Imported: Class Interface.UIEditor_DocumentInfo
Log: FactoryCreateText: Class with ClassFactoryUC (0 1 ..\Interface\Classes\UIEditor_FileManager.uc)
Log: Class: UIEditor_FileManager extends UICommonAPI
Log: Imported: Class Interface.UIEditor_FileManager
Log: FactoryCreateText: Class with ClassFactoryUC (0 1 ..\Interface\Classes\UIEditor_PropertyController.uc)
Log: Class: UIEditor_PropertyController extends UICommonAPI
Log: Imported: Class Interface.UIEditor_PropertyController
Log: FactoryCreateText: Class with ClassFactoryUC (0 1 ..\Interface\Classes\UIEditor_Worksheet.uc)
Log: Class: UIEditor_Worksheet extends UICommonAPI
Log: Imported: Class Interface.UIEditor_Worksheet
Log: FactoryCreateText: Class with ClassFactoryUC (0 1 ..\Interface\Classes\UIScriptEx.uc)
Log: Class: UIScriptEx extends UIScript
Log: Imported: Class Interface.UIScriptEx
Log: FactoryCreateText: Class with ClassFactoryUC (0 1 ..\Interface\Classes\UIToolWnd.uc)
Log: Class: UIToolWnd extends UICommonAPI
Log: Imported: Class Interface.UIToolWnd
Log: FactoryCreateText: Class with ClassFactoryUC (0 1 ..\Interface\Classes\UnionDetailWnd.uc)
Log: Class: UnionDetailWnd extends UICommonAPI
Log: Imported: Class Interface.UnionDetailWnd
Log: FactoryCreateText: Class with ClassFactoryUC (0 1 ..\Interface\Classes\UnionMatchDrawerWnd.uc)
Log: Class: UnionMatchDrawerWnd extends UICommonAPI
Log: Imported: Class Interface.UnionMatchDrawerWnd
Log: FactoryCreateText: Class with ClassFactoryUC (0 1 ..\Interface\Classes\UnionMatchMakeRoomWnd.uc)
Log: Class: UnionMatchMakeRoomWnd extends PartyMatchWndCommon
Log: Imported: Class Interface.UnionMatchMakeRoomWnd
Log: FactoryCreateText: Class with ClassFactoryUC (0 1 ..\Interface\Classes\UnionMatchWnd.uc)
Log: Class: UnionMatchWnd extends PartyMatchWndCommon
Log: Imported: Class Interface.UnionMatchWnd
Log: FactoryCreateText: Class with ClassFactoryUC (0 1 ..\Interface\Classes\UnionWnd.uc)
Log: Class: UnionWnd extends UICommonAPI
Log: Imported: Class Interface.UnionWnd
Log: FactoryCreateText: Class with ClassFactoryUC (0 1 ..\Interface\Classes\UniversalToolTip.uc)
Log: Class: UniversalTooltip extends UICommonAPI
Log: Imported: Class Interface.UniversalToolTip
Log: FactoryCreateText: Class with ClassFactoryUC (0 1 ..\Interface\Classes\UnrefineryWnd.uc)
Log: Class: UnrefineryWnd extends UICommonAPI
Log: Imported: Class Interface.UnrefineryWnd
Log: FactoryCreateText: Class with ClassFactoryUC (0 1 ..\Interface\Classes\UserPetitionWnd.uc)
Log: Class: UserPetitionWnd extends UICommonAPI
Log: Imported: Class Interface.UserPetitionWnd
Log: FactoryCreateText: Class with ClassFactoryUC (0 1 ..\Interface\Classes\WarehouseWnd.uc)
Log: Class: WarehouseWnd extends UICommonAPI
Log: Imported: Class Interface.WarehouseWnd
Log: FactoryCreateText: Class with ClassFactoryUC (0 1 ..\Interface\Classes\WarMemberWarning.uc)
Log: Class: WarMemberWarning extends UICommonAPI
Log: Imported: Class Interface.WarMemberWarning
Log: FactoryCreateText: Class with ClassFactoryUC (0 1 ..\Interface\Classes\WeatherWnd.uc)
Log: Class: WeatherWnd extends UICommonAPI
Log: Imported: Class Interface.WeatherWnd
Log: FactoryCreateText: Class with ClassFactoryUC (0 1 ..\Interface\Classes\XMasSealWnd.uc)
Log: Class: XMasSealWnd extends UICommonAPI
Log: Imported: Class Interface.XMasSealWnd
Log: FactoryCreateText: Class with ClassFactoryUC (0 1 ..\Interface\Classes\ZoneTitleWnd.uc)
Log: Class: ZoneTitleWnd extends UICommonAPI
Log: Imported: Class Interface.ZoneTitleWnd
Log: Parsing UIScriptEx
Log: Parsing UICommonAPI
Warning: C:\Users\Shane\Documents\GitHub\Interface\Interface\Classes\UICommonAPI.uc(624) : Warning, String sizes are now obsolete; all strings are dynamically sized
Log: Parsing AbnormalStatusWnd
Log: Parsing ActionWnd
Log: Parsing AgeWnd
Log: Parsing AttributeEnchantWnd
Log: Parsing AttributeRemoveWnd
Log: Parsing AuctionBtnWnd
Log: Parsing AuctionNextWnd
Log: Parsing AuctionWnd
Log: Parsing AutoAtt
Log: Parsing AutoItemEnchant
Log: Parsing AutoPotions
Log: Parsing AutoSouls
Log: Parsing AutoSS
Log: Parsing BirthdayAlarmBtn
Log: Parsing BirthdayAlarmWnd
Log: Parsing BR_CashShopBtnWnd
Log: Parsing BR_CashShopWnd
Log: Parsing BR_EventChristmasWnd
Log: Parsing BR_EventDefaultWnd
Log: Parsing BR_EventFireWnd
Log: Parsing BR_EventHalloweenTodayWnd
Log: Parsing BR_EventHalloweenWnd
Log: Parsing BR_EventHtmlWnd1
Warning: C:\Users\Shane\Documents\GitHub\Interface\Interface\Classes\BR_EventHtmlWnd1.uc(1) : Warning, Class names shouldn't end in a digit
Log: Parsing BR_EventHtmlWnd2
Warning: C:\Users\Shane\Documents\GitHub\Interface\Interface\Classes\BR_EventHtmlWnd2.uc(1) : Warning, Class names shouldn't end in a digit
Log: Parsing BR_EventHtmlWnd3
Warning: C:\Users\Shane\Documents\GitHub\Interface\Interface\Classes\BR_EventHtmlWnd3.uc(1) : Warning, Class names shouldn't end in a digit
Log: Parsing BR_EventRudolfWnd
Log: Parsing BR_MiniGameRankWnd
Log: Parsing BR_PopupWnd
Log: Parsing CalculatorWnd
Log: Parsing CancelCtrlWnd
Log: Parsing CastInfo2Wnd
Log: Parsing CastInfoWnd
Log: Parsing CharacterCreateMenuWnd
Log: Parsing CharacterPasswordHelpHtmlWnd
Log: Parsing CharacterPasswordWnd
Log: Parsing ChatWnd
Log: Parsing ClanDrawerWnd
Log: Parsing ColorCtrl
Log: Parsing ColorNickNameWnd
Log: Parsing ConsoleWnd
Log: Parsing DebuffOn
Log: Parsing DebuffWnd
Log: Parsing DeliverWnd
Log: Parsing DepthOfField
Log: Parsing DialogBox
Log: Parsing DominionWarInfoWnd
Log: Parsing DuelManager
Log: Parsing EnemyCastInfoWnd
Log: Parsing EventMatchGMFenceWnd
Log: Parsing EventMatchGMMsgWnd
Log: Parsing EventMatchGMWnd
Log: Parsing EventMatchObserverWnd
Log: Parsing EventMatchSpecialMsgWnd
Log: Parsing ExpBarWnd
Log: Parsing FileListWnd
Log: Parsing FileRegisterWnd
Log: Parsing FileWnd
Log: Parsing FishViewportWnd
Log: Parsing FlexOptionWnd
Log: Parsing GMFindTreeWnd
Log: Parsing InventoryWnd
Log: Parsing GMInventoryWnd
Log: Parsing MagicSkillWnd
Log: Parsing GMMagicSkillWnd
Log: Parsing GMMap
Log: Parsing QuestTreeWnd
Log: Parsing GMQuestWnd
Log: Parsing GMSnoopWnd
Log: Parsing WarehouseWnd
Log: Parsing GMWarehouseWnd
Log: Parsing GMWnd
Log: Parsing Hash
Log: Parsing HDRRenderTestWnd
Log: Parsing HennaListWnd
Log: Parsing ItemControlWnd
Log: Parsing ItemDescWnd
Log: Parsing ItemEnchantWnd
Log: Parsing L2Util
Log: Parsing LobbyMenuWnd
Log: Parsing LoginMenuWnd
Log: Parsing LSTimerWnd
Log: Parsing MacroEditWnd
Log: Parsing MacroInfoWnd
Log: Parsing MacroListWnd
Log: Parsing MagicSkillDrawerWnd
Log: Parsing MagicskillGuideWnd
Log: Parsing MailBtnWnd
Log: Parsing ManorCropInfoChangeWnd
Log: Parsing ManorCropInfoSettingWnd
Log: Parsing ManorCropSellChangeWnd
Log: Parsing ManorCropSellWnd
Log: Parsing ManorInfoWnd
Log: Parsing ManorSeedInfoChangeWnd
Log: Parsing ManorSeedInfoSettingWnd
Log: Parsing SeedShopWnd
Log: Parsing ManorShopWnd
Log: Parsing MenuWnd
Log: Parsing MiniMapDrawerWnd
Log: Parsing MinimapWnd
Log: Parsing MinimapWnd_Expand
Log: Parsing MoviePlayerWnd
Log: Parsing MSViewerWnd
Log: Parsing MultiSellWnd
Log: Parsing NewPetitionFeedBackResultWnd
Log: Parsing NewPetitionFeedBackWnd
Log: Parsing NewPetitionFeedBackWnd_2nd
Log: Parsing NewPetitionWnd
Log: Parsing NewUserPetitionDrawerWnd
Log: Parsing NewUserPetitionWnd
Log: Parsing NPCDialogWnd
Log: Parsing ObserverWnd
Log: Parsing OlyDmgOptionWnd
Log: Parsing OlympiadBuffWnd
Log: Parsing OlympiadBuff1Wnd
Log: Parsing OlympiadBuff2Wnd
Log: Parsing OlympiadDmgWnd
Log: Parsing OlympiadGuideWnd
Log: Parsing OlympiadPlayerWnd
Warning: C:\Users\Shane\Documents\GitHub\Interface\Interface\Classes\OlympiadPlayerWnd.uc(64) : Warning, 'UserInfo' obscures 'UserInfo' defined in base class.
Log: Parsing OlympiadPlayer1Wnd
Log: Parsing OlympiadPlayer2Wnd
Log: Parsing OlympiadSummonWnd
Log: Parsing OnScreenDmg
Log: Parsing OptionWnd
Log: Parsing OverlayWnd
Log: Parsing PartyMatchWndCommon
Log: Parsing PartyMatchOutWaitListWnd
Log: Parsing PartyMatchRoomWnd
Log: Parsing PartyMatchWaitListWnd
Log: Parsing PartyMatchWnd
Log: Parsing UnionMatchMakeRoomWnd
Log: Parsing UnionMatchWnd
Log: Parsing PartyWnd
Log: Parsing PartyWndCompact
Log: Parsing PCCafeEventWnd
Log: Parsing PetitionFeedBackWnd
Log: Parsing PetitionWnd
Log: Parsing PetStatusWnd
Log: Parsing PetWnd
Log: Parsing PlayerOlyStat
Log: Parsing PostBoxWnd
Log: Parsing PostDetailWnd_General
Log: Parsing PostDetailWnd_SafetyTrade
Log: Parsing PostEffectTestWnd
Log: Parsing PostReceiverListAddWnd
Log: Parsing PostReceiverListWnd
Log: Parsing PostWriteWnd
Log: Parsing PremiumItemAlarmWnd
Log: Parsing PremiumItemBtnWnd
Log: Parsing PremiumItemGetWnd
Log: Parsing PrivateMarketWnd
Log: Parsing PrivateShopWnd
Log: Parsing ProductInventoryDrawerWnd
Log: Parsing ProductInventoryHelpHtmlWnd
Log: Parsing ProductInventoryWnd
Log: Parsing ProgressBox
Log: Parsing QuestAlarmWnd
Log: Parsing QuestBtnWnd
Log: Parsing QuestHTMLWnd
Log: Parsing QuestTreeDrawerWnd
Log: Parsing RadarMapWnd
Log: Parsing RadarOptionWnd
Log: Parsing RecipeBookWnd
Log: Parsing RecipeBuyListWnd
Log: Parsing RecipeBuyManufactureWnd
Log: Parsing RecipeManufactureWnd
Log: Parsing RecipeShopWnd
Log: Parsing RecipeTreeWnd
Log: Parsing RecommendBonusHelpHtmlWnd
Log: Parsing RecommendBonusWnd
Log: Parsing RefineryWnd
Log: Parsing RefOptionWnd
Log: Parsing RestartMenuWnd
Log: Parsing SaveLoadParty
Warning: C:\Users\Shane\Documents\GitHub\Interface\Interface\Classes\SaveLoadParty.uc(9) : Warning, 'Log' obscures 'Log' defined in base class.
Log: Parsing SceneEditorDrawerWnd
Log: Parsing SceneEditorSlideWnd
Log: Parsing SceneEditorWnd
Log: Parsing SelectDeliverWnd
Log: Parsing ShockExt
Log: Parsing ShopWnd
Log: Parsing ShortcutAssignWnd
Log: Parsing ShortcutWnd
Log: Parsing SiegeInfoWnd
Log: Parsing SkillCast
Log: Parsing SkillTrainClanTreeWnd
Log: Parsing SkillTrainInfoWnd
Log: Parsing SkillTrainListWnd
Log: Parsing SSAOWnd
Log: Parsing StatusWnd
Log: Parsing SummonedStatusWnd
Log: Parsing SummonedWnd
Log: Parsing SystemMenuWnd
Log: Parsing SystemTutorialBtnWnd
Log: Parsing SystemTutorialWnd
Log: Parsing TaliWnd
Log: Parsing TargetStatusWnd
Log: Parsing TeleportBookMarkDrawerWnd
Log: Parsing TeleportBookMarkWnd
Log: Parsing TestPos
Log: Parsing ToolTip
Log: Parsing TradeWnd
Log: Parsing TutorialBtnWnd
Log: Parsing TutorialViewerWnd
Log: Parsing UIEditor_ControlManager
Log: Parsing UIEditor_DocumentInfo
Log: Parsing UIEditor_FileManager
Log: Parsing UIEditor_PropertyController
Log: Parsing UIEditor_Worksheet
Log: Parsing UIToolWnd
Log: Parsing UnionDetailWnd
Log: Parsing UnionMatchDrawerWnd
Log: Parsing UnionWnd
Log: Parsing UniversalToolTip
Log: Parsing UnrefineryWnd
Log: Parsing UserPetitionWnd
Log: Parsing WarMemberWarning
Log: Parsing WeatherWnd
Log: Parsing XMasSealWnd
Log: Parsing ZoneTitleWnd
Log: Parsing AITimerWnd
Warning: C:\Users\Shane\Documents\GitHub\Interface\Interface\Classes\AITimerWnd.uc(17) : Warning, 'Min' obscures 'Min' defined in base class.
Log: Parsing BenchMarkMenuWnd
Log: Parsing BlockCounter
Warning: C:\Users\Shane\Documents\GitHub\Interface\Interface\Classes\BlockCounter.uc(21) : Warning, 'Min' obscures 'Min' defined in base class.
Log: Parsing BlockCurTriggerWnd
Log: Parsing BlockCurWnd
Log: Parsing BoardWnd
Log: Parsing ChatFilterWnd
Log: Parsing ClanWnd
Log: Parsing GMClanWnd
Log: Parsing CleftCounter
Warning: C:\Users\Shane\Documents\GitHub\Interface\Interface\Classes\CleftCounter.uc(22) : Warning, 'Min' obscures 'Min' defined in base class.
Log: Parsing CleftCurTriggerWnd
Log: Parsing CleftCurWnd
Log: Parsing CleftEnterWnd
Log: Parsing CouponEventWnd
Log: Parsing DetailStatusWnd
Log: Parsing GMDetailStatusWnd
Log: Parsing FlightShipCtrlWnd
Log: Parsing FlightTeleportWnd
Log: Parsing FlightTransformCtrlWnd
Log: Parsing GametipWnd
Log: Parsing GuideWnd
Log: Parsing HelpHtmlWnd
Log: Parsing HennaInfoWnd
Log: Parsing HeroTowerWnd
Log: Parsing InviteClanPopWnd
Log: Parsing KillpointCounterWnd
Warning: C:\Users\Shane\Documents\GitHub\Interface\Interface\Classes\KillpointCounterWnd.uc(9) : Warning, 'Min' obscures 'Min' defined in base class.
Log: Parsing KillpointRankTrigger
Log: Parsing KillPointRankWnd
Log: Parsing LoadingAniWnd
Log: Parsing LoadingWnd
Log: Parsing LoadingWnd_cn
Log: Parsing LoadingWnd_e
Log: Parsing LoadingWnd_j
Log: Parsing LoadingWnd_k
Log: Parsing LoadingWnd_ph
Log: Parsing LoadingWnd_ru
Log: Parsing LoadingWnd_th
Log: Parsing LoadingWnd_tw
Log: Parsing MiniGame1Wnd
Log: Parsing OlympiadControlWnd
Log: Parsing OlympiadTargetWnd
Log: Parsing OnScreenMessageWnd
Log: Parsing PartyMatchMakeRoomWnd
Log: Parsing PartyWndOption
Log: Parsing PVPCounter
Warning: C:\Users\Shane\Documents\GitHub\Interface\Interface\Classes\PVPCounter.uc(22) : Warning, 'Min' obscures 'Min' defined in base class.
Log: Parsing PVPCounterTrigger
Log: Parsing PVPDetailedWnd
Log: Parsing QuestListWnd
Log: Parsing ReplayListWnd
Log: Parsing ReplayLogoWnd
Log: Parsing ReplayLogoWnd_cn
Log: Parsing ReplayLogoWnd_e
Log: Parsing ReplayLogoWnd_j
Log: Parsing ReplayLogoWnd_k
Log: Parsing ReplayLogoWnd_ph
Log: Parsing ReplayLogoWnd_ru
Log: Parsing ReplayLogoWnd_th
Log: Parsing ReplayLogoWnd_tw
Log: Parsing ShaderBuild
Log: Parsing Shortcut
Log: Parsing SSQMainBoard
Log: Parsing SystemMsgWnd
Log: Parsing TownMapWnd
Log: Compiling UIScriptEx
Log: Compiling UICommonAPI
Log: Compiling AbnormalStatusWnd
Log: Compiling ActionWnd
Log: Compiling AgeWnd
Log: Compiling AttributeEnchantWnd
Log: Compiling AttributeRemoveWnd
Log: Compiling AuctionBtnWnd
Log: Compiling AuctionNextWnd
Log: Compiling AuctionWnd
Log: Compiling AutoAtt
Log: Compiling AutoItemEnchant
Log: Compiling AutoPotions
Log: Compiling AutoSouls
Log: Compiling AutoSS
Log: Compiling BirthdayAlarmBtn
Log: Compiling BirthdayAlarmWnd
Log: Compiling BR_CashShopBtnWnd
Log: Compiling BR_CashShopWnd
Log: Compiling BR_EventChristmasWnd
Log: Compiling BR_EventDefaultWnd
Log: Compiling BR_EventFireWnd
Log: Compiling BR_EventHalloweenTodayWnd
Log: Compiling BR_EventHalloweenWnd
Log: Compiling BR_EventHtmlWnd1
Log: Compiling BR_EventHtmlWnd2
Log: Compiling BR_EventHtmlWnd3
Log: Compiling BR_EventRudolfWnd
Log: Compiling BR_MiniGameRankWnd
Log: Compiling BR_PopupWnd
Log: Compiling CalculatorWnd
Log: Compiling CancelCtrlWnd
Log: Compiling CastInfo2Wnd
Log: Compiling CastInfoWnd
Log: Compiling CharacterCreateMenuWnd
Log: Compiling CharacterPasswordHelpHtmlWnd
Log: Compiling CharacterPasswordWnd
Log: Compiling ChatWnd
Log: Compiling ClanDrawerWnd
Log: Compiling ColorCtrl
Log: Compiling ColorNickNameWnd
Log: Compiling ConsoleWnd
Log: Compiling DebuffOn
Log: Compiling DebuffWnd
Log: Compiling DeliverWnd
Log: Compiling DepthOfField
Log: Compiling DialogBox
Log: Compiling DominionWarInfoWnd
Log: Compiling DuelManager
Log: Compiling EnemyCastInfoWnd
Log: Compiling EventMatchGMFenceWnd
Log: Compiling EventMatchGMMsgWnd
Log: Compiling EventMatchGMWnd
Log: Compiling EventMatchObserverWnd
Log: Compiling EventMatchSpecialMsgWnd
Log: Compiling ExpBarWnd
Log: Compiling FileListWnd
Log: Compiling FileRegisterWnd
Log: Compiling FileWnd
Log: Compiling FishViewportWnd
Log: Compiling FlexOptionWnd
Log: Compiling GMFindTreeWnd
Log: Compiling InventoryWnd
Log: Compiling GMInventoryWnd
Log: Compiling MagicSkillWnd
Log: Compiling GMMagicSkillWnd
Log: Compiling GMMap
Log: Compiling QuestTreeWnd
Log: Compiling GMQuestWnd
Log: Compiling GMSnoopWnd
Log: Compiling WarehouseWnd
Log: Compiling GMWarehouseWnd
Log: Compiling GMWnd
Log: Compiling Hash
Log: Compiling HDRRenderTestWnd
Log: Compiling HennaListWnd
Log: Compiling ItemControlWnd
Log: Compiling ItemDescWnd
Log: Compiling ItemEnchantWnd
Log: Compiling L2Util
Log: Compiling LobbyMenuWnd
Log: Compiling LoginMenuWnd
Log: Compiling LSTimerWnd
Log: Compiling MacroEditWnd
Log: Compiling MacroInfoWnd
Log: Compiling MacroListWnd
Warning: C:\Users\Shane\Documents\GitHub\Interface\Interface\Classes\MacroListWnd.uc(67) : Warning, 'fullNameString' : unreferenced local variable
Warning: C:\Users\Shane\Documents\GitHub\Interface\Interface\Classes\MacroListWnd.uc(68) : Warning, 'Id' : unreferenced local variable
Log: Compiling MagicSkillDrawerWnd
Log: Compiling MagicskillGuideWnd
Log: Compiling MailBtnWnd
Log: Compiling ManorCropInfoChangeWnd
Log: Compiling ManorCropInfoSettingWnd
Log: Compiling ManorCropSellChangeWnd
Log: Compiling ManorCropSellWnd
Log: Compiling ManorInfoWnd
Log: Compiling ManorSeedInfoChangeWnd
Log: Compiling ManorSeedInfoSettingWnd
Log: Compiling SeedShopWnd
Log: Compiling ManorShopWnd
Log: Compiling MenuWnd
Log: Compiling MiniMapDrawerWnd
Log: Compiling MinimapWnd
Log: Compiling MinimapWnd_Expand
Log: Compiling MoviePlayerWnd
Log: Compiling MSViewerWnd
Log: Compiling MultiSellWnd
Log: Compiling NewPetitionFeedBackResultWnd
Log: Compiling NewPetitionFeedBackWnd
Log: Compiling NewPetitionFeedBackWnd_2nd
Log: Compiling NewPetitionWnd
Log: Compiling NewUserPetitionDrawerWnd
Log: Compiling NewUserPetitionWnd
Log: Compiling NPCDialogWnd
Log: Compiling ObserverWnd
Log: Compiling OlyDmgOptionWnd
Log: Compiling OlympiadBuffWnd
Log: Compiling OlympiadBuff1Wnd
Log: Compiling OlympiadBuff2Wnd
Log: Compiling OlympiadDmgWnd
Log: Compiling OlympiadGuideWnd
Log: Compiling OlympiadPlayerWnd
Log: Compiling OlympiadPlayer1Wnd
Log: Compiling OlympiadPlayer2Wnd
Log: Compiling OlympiadSummonWnd
Log: Compiling OnScreenDmg
Log: Compiling OptionWnd
Log: Compiling OverlayWnd
Log: Compiling PartyMatchWndCommon
Log: Compiling PartyMatchOutWaitListWnd
Log: Compiling PartyMatchRoomWnd
Log: Compiling PartyMatchWaitListWnd
Log: Compiling PartyMatchWnd
Log: Compiling UnionMatchMakeRoomWnd
Log: Compiling UnionMatchWnd
Log: Compiling PartyWnd
Log: Compiling PartyWndCompact
Log: Compiling PCCafeEventWnd
Log: Compiling PetitionFeedBackWnd
Log: Compiling PetitionWnd
Log: Compiling PetStatusWnd
Log: Compiling PetWnd
Log: Compiling PlayerOlyStat
Log: Compiling PostBoxWnd
Log: Compiling PostDetailWnd_General
Log: Compiling PostDetailWnd_SafetyTrade
Log: Compiling PostEffectTestWnd
Log: Compiling PostReceiverListAddWnd
Log: Compiling PostReceiverListWnd
Log: Compiling PostWriteWnd
Log: Compiling PremiumItemAlarmWnd
Log: Compiling PremiumItemBtnWnd
Log: Compiling PremiumItemGetWnd
Log: Compiling PrivateMarketWnd
Log: Compiling PrivateShopWnd
Log: Compiling ProductInventoryDrawerWnd
Log: Compiling ProductInventoryHelpHtmlWnd
Log: Compiling ProductInventoryWnd
Log: Compiling ProgressBox
Log: Compiling QuestAlarmWnd
Log: Compiling QuestBtnWnd
Log: Compiling QuestHTMLWnd
Log: Compiling QuestTreeDrawerWnd
Log: Compiling RadarMapWnd
Log: Compiling RadarOptionWnd
Log: Compiling RecipeBookWnd
Log: Compiling RecipeBuyListWnd
Log: Compiling RecipeBuyManufactureWnd
Log: Compiling RecipeManufactureWnd
Log: Compiling RecipeShopWnd
Log: Compiling RecipeTreeWnd
Log: Compiling RecommendBonusHelpHtmlWnd
Log: Compiling RecommendBonusWnd
Log: Compiling RefineryWnd
Log: Compiling RefOptionWnd
Log: Compiling RestartMenuWnd
Log: Compiling SaveLoadParty
Log: Compiling SceneEditorDrawerWnd
Log: Compiling SceneEditorSlideWnd
Log: Compiling SceneEditorWnd
Log: Compiling SelectDeliverWnd
Log: Compiling ShockExt
Log: Compiling ShopWnd
Log: Compiling ShortcutAssignWnd
Log: Compiling ShortcutWnd
Log: Compiling SiegeInfoWnd
Log: Compiling SkillCast
Log: Compiling SkillTrainClanTreeWnd
Log: Compiling SkillTrainInfoWnd
Log: Compiling SkillTrainListWnd
Log: Compiling SSAOWnd
Log: Compiling StatusWnd
Warning: C:\Users\Shane\Documents\GitHub\Interface\Interface\Classes\StatusWnd.uc(336) : Warning, 'i' : unreferenced local variable
Warning: C:\Users\Shane\Documents\GitHub\Interface\Interface\Classes\StatusWnd.uc(337) : Warning, 'j' : unreferenced local variable
Log: Compiling SummonedStatusWnd
Log: Compiling SummonedWnd
Log: Compiling SystemMenuWnd
Log: Compiling SystemTutorialBtnWnd
Log: Compiling SystemTutorialWnd
Log: Compiling TaliWnd
Log: Compiling TargetStatusWnd
Log: Compiling TeleportBookMarkDrawerWnd
Log: Compiling TeleportBookMarkWnd
Log: Compiling TestPos
Warning: C:\Users\Shane\Documents\GitHub\Interface\Interface\Classes\TestPos.uc(50) : Warning, 'tempActor' : unreferenced local variable
Log: Compiling ToolTip
Log: Compiling TradeWnd
Log: Compiling TutorialBtnWnd
Log: Compiling TutorialViewerWnd
Log: Compiling UIEditor_ControlManager
Log: Compiling UIEditor_DocumentInfo
Log: Compiling UIEditor_FileManager
Log: Compiling UIEditor_PropertyController
Log: Compiling UIEditor_Worksheet
Log: Compiling UIToolWnd
Log: Compiling UnionDetailWnd
Log: Compiling UnionMatchDrawerWnd
Log: Compiling UnionWnd
Log: Compiling UniversalToolTip
Log: Compiling UnrefineryWnd
Log: Compiling UserPetitionWnd
Log: Compiling WarMemberWarning
Log: Compiling WeatherWnd
Log: Compiling XMasSealWnd
Log: Compiling ZoneTitleWnd
Log: Compiling AITimerWnd
Log: Compiling BenchMarkMenuWnd
Log: Compiling BlockCounter
Log: Compiling BlockCurTriggerWnd
Log: Compiling BlockCurWnd
Log: Compiling BoardWnd
Log: Compiling ChatFilterWnd
Log: Compiling ClanWnd
Log: Compiling GMClanWnd
Log: Compiling CleftCounter
Log: Compiling CleftCurTriggerWnd
Log: Compiling CleftCurWnd
Log: Compiling CleftEnterWnd
Log: Compiling CouponEventWnd
Log: Compiling DetailStatusWnd
Log: Compiling GMDetailStatusWnd
Log: Compiling FlightShipCtrlWnd
Log: Compiling FlightTeleportWnd
Log: Compiling FlightTransformCtrlWnd
Log: Compiling GametipWnd
Log: Compiling GuideWnd
Log: Compiling HelpHtmlWnd
Log: Compiling HennaInfoWnd
Log: Compiling HeroTowerWnd
Log: Compiling InviteClanPopWnd
Log: Compiling KillpointCounterWnd
Log: Compiling KillpointRankTrigger
Log: Compiling KillPointRankWnd
Log: Compiling LoadingAniWnd
Log: Compiling LoadingWnd
Log: Compiling LoadingWnd_cn
Log: Compiling LoadingWnd_e
Log: Compiling LoadingWnd_j
Log: Compiling LoadingWnd_k
Log: Compiling LoadingWnd_ph
Log: Compiling LoadingWnd_ru
Log: Compiling LoadingWnd_th
Log: Compiling LoadingWnd_tw
Log: Compiling MiniGame1Wnd
Log: Compiling OlympiadControlWnd
Log: Compiling OlympiadTargetWnd
Log: Compiling OnScreenMessageWnd
Log: Compiling PartyMatchMakeRoomWnd
Log: Compiling PartyWndOption
Log: Compiling PVPCounter
Log: Compiling PVPCounterTrigger
Log: Compiling PVPDetailedWnd
Log: Compiling QuestListWnd
Log: Compiling ReplayListWnd
Log: Compiling ReplayLogoWnd
Log: Compiling ReplayLogoWnd_cn
Log: Compiling ReplayLogoWnd_e
Log: Compiling ReplayLogoWnd_j
Log: Compiling ReplayLogoWnd_k
Log: Compiling ReplayLogoWnd_ph
Log: Compiling ReplayLogoWnd_ru
Log: Compiling ReplayLogoWnd_th
Log: Compiling ReplayLogoWnd_tw
Log: Compiling ShaderBuild
Log: Compiling Shortcut
Log: Compiling SSQMainBoard
Log: Compiling SystemMsgWnd
Log: Compiling TownMapWnd
Log: Importing Defaults for UIScriptEx
Log: Importing Defaults for UICommonAPI
Log: Importing Defaults for AbnormalStatusWnd
Log: Importing Defaults for ActionWnd
Log: Importing Defaults for AgeWnd
Log: Importing Defaults for AttributeEnchantWnd
Log: Importing Defaults for AttributeRemoveWnd
Log: Importing Defaults for AuctionBtnWnd
Log: Importing Defaults for AuctionNextWnd
Log: Importing Defaults for AuctionWnd
Log: Importing Defaults for AutoAtt
Log: Importing Defaults for AutoItemEnchant
Log: Importing Defaults for AutoPotions
Log: Importing Defaults for AutoSouls
Log: Importing Defaults for AutoSS
Log: Importing Defaults for BirthdayAlarmBtn
Log: Importing Defaults for BirthdayAlarmWnd
Log: Importing Defaults for BR_CashShopBtnWnd
Log: Importing Defaults for BR_CashShopWnd
Log: Importing Defaults for BR_EventChristmasWnd
Log: Importing Defaults for BR_EventDefaultWnd
Log: Importing Defaults for BR_EventFireWnd
Log: Importing Defaults for BR_EventHalloweenTodayWnd
Log: Importing Defaults for BR_EventHalloweenWnd
Log: Importing Defaults for BR_EventHtmlWnd1
Log: Importing Defaults for BR_EventHtmlWnd2
Log: Importing Defaults for BR_EventHtmlWnd3
Log: Importing Defaults for BR_EventRudolfWnd
Log: Importing Defaults for BR_MiniGameRankWnd
Log: Importing Defaults for BR_PopupWnd
Log: Importing Defaults for CalculatorWnd
Log: Importing Defaults for CancelCtrlWnd
Log: Importing Defaults for CastInfo2Wnd
Log: Importing Defaults for CastInfoWnd
Log: Importing Defaults for CharacterCreateMenuWnd
Log: Importing Defaults for CharacterPasswordHelpHtmlWnd
Log: Importing Defaults for CharacterPasswordWnd
Log: Importing Defaults for ChatWnd
Log: Importing Defaults for ClanDrawerWnd
Log: Importing Defaults for ColorCtrl
Log: Importing Defaults for ColorNickNameWnd
Log: Importing Defaults for ConsoleWnd
Log: Importing Defaults for DebuffOn
Log: Importing Defaults for DebuffWnd
Log: Importing Defaults for DeliverWnd
Log: Importing Defaults for DepthOfField
Log: Importing Defaults for DialogBox
Log: Importing Defaults for DominionWarInfoWnd
Log: Importing Defaults for DuelManager
Log: Importing Defaults for EnemyCastInfoWnd
Log: Importing Defaults for EventMatchGMFenceWnd
Log: Importing Defaults for EventMatchGMMsgWnd
Log: Importing Defaults for EventMatchGMWnd
Log: Importing Defaults for EventMatchObserverWnd
Log: Importing Defaults for EventMatchSpecialMsgWnd
Log: Importing Defaults for ExpBarWnd
Log: Importing Defaults for FileListWnd
Log: Importing Defaults for FileRegisterWnd
Log: Importing Defaults for FileWnd
Log: Importing Defaults for FishViewportWnd
Log: Importing Defaults for FlexOptionWnd
Log: Importing Defaults for GMFindTreeWnd
Log: Importing Defaults for InventoryWnd
Log: Importing Defaults for GMInventoryWnd
Log: Importing Defaults for MagicSkillWnd
Log: Importing Defaults for GMMagicSkillWnd
Log: Importing Defaults for GMMap
Log: Importing Defaults for QuestTreeWnd
Log: Importing Defaults for GMQuestWnd
Log: Importing Defaults for GMSnoopWnd
Log: Importing Defaults for WarehouseWnd
Log: Importing Defaults for GMWarehouseWnd
Log: Importing Defaults for GMWnd
Log: Importing Defaults for Hash
Log: Importing Defaults for HDRRenderTestWnd
Log: Importing Defaults for HennaListWnd
Log: Importing Defaults for ItemControlWnd
Log: Importing Defaults for ItemDescWnd
Log: Importing Defaults for ItemEnchantWnd
Log: Importing Defaults for L2Util
Log: Importing Defaults for LobbyMenuWnd
Log: Importing Defaults for LoginMenuWnd
Log: Importing Defaults for LSTimerWnd
Log: Importing Defaults for MacroEditWnd
Log: Importing Defaults for MacroInfoWnd
Log: Importing Defaults for MacroListWnd
Log: Importing Defaults for MagicSkillDrawerWnd
Log: Importing Defaults for MagicskillGuideWnd
Log: Importing Defaults for MailBtnWnd
Log: Importing Defaults for ManorCropInfoChangeWnd
Log: Importing Defaults for ManorCropInfoSettingWnd
Log: Importing Defaults for ManorCropSellChangeWnd
Log: Importing Defaults for ManorCropSellWnd
Log: Importing Defaults for ManorInfoWnd
Log: Importing Defaults for ManorSeedInfoChangeWnd
Log: Importing Defaults for ManorSeedInfoSettingWnd
Log: Importing Defaults for SeedShopWnd
Log: Importing Defaults for ManorShopWnd
Log: Importing Defaults for MenuWnd
Log: Importing Defaults for MiniMapDrawerWnd
Log: Importing Defaults for MinimapWnd
Log: Importing Defaults for MinimapWnd_Expand
Log: Importing Defaults for MoviePlayerWnd
Log: Importing Defaults for MSViewerWnd
Log: Importing Defaults for MultiSellWnd
Log: Importing Defaults for NewPetitionFeedBackResultWnd
Log: Importing Defaults for NewPetitionFeedBackWnd
Log: Importing Defaults for NewPetitionFeedBackWnd_2nd
Log: Importing Defaults for NewPetitionWnd
Log: Importing Defaults for NewUserPetitionDrawerWnd
Log: Importing Defaults for NewUserPetitionWnd
Log: Importing Defaults for NPCDialogWnd
Log: Importing Defaults for ObserverWnd
Log: Importing Defaults for OlyDmgOptionWnd
Log: Importing Defaults for OlympiadBuffWnd
Log: Importing Defaults for OlympiadBuff1Wnd
Log: Importing Defaults for OlympiadBuff2Wnd
Log: Importing Defaults for OlympiadDmgWnd
Log: Importing Defaults for OlympiadGuideWnd
Log: Importing Defaults for OlympiadPlayerWnd
Log: Importing Defaults for OlympiadPlayer1Wnd
Log: Importing Defaults for OlympiadPlayer2Wnd
Log: Importing Defaults for OlympiadSummonWnd
Log: Importing Defaults for OnScreenDmg
Log: Importing Defaults for OptionWnd
Log: Importing Defaults for OverlayWnd
Log: Importing Defaults for PartyMatchWndCommon
Log: Importing Defaults for PartyMatchOutWaitListWnd
Log: Importing Defaults for PartyMatchRoomWnd
Log: Importing Defaults for PartyMatchWaitListWnd
Log: Importing Defaults for PartyMatchWnd
Log: Importing Defaults for UnionMatchMakeRoomWnd
Log: Importing Defaults for UnionMatchWnd
Log: Importing Defaults for PartyWnd
Log: Importing Defaults for PartyWndCompact
Log: Importing Defaults for PCCafeEventWnd
Log: Importing Defaults for PetitionFeedBackWnd
Log: Importing Defaults for PetitionWnd
Log: Importing Defaults for PetStatusWnd
Log: Importing Defaults for PetWnd
Log: Importing Defaults for PlayerOlyStat
Log: Importing Defaults for PostBoxWnd
Log: Importing Defaults for PostDetailWnd_General
Log: Importing Defaults for PostDetailWnd_SafetyTrade
Log: Importing Defaults for PostEffectTestWnd
Log: Importing Defaults for PostReceiverListAddWnd
Log: Importing Defaults for PostReceiverListWnd
Log: Importing Defaults for PostWriteWnd
Log: Importing Defaults for PremiumItemAlarmWnd
Log: Importing Defaults for PremiumItemBtnWnd
Log: Importing Defaults for PremiumItemGetWnd
Log: Importing Defaults for PrivateMarketWnd
Log: Importing Defaults for PrivateShopWnd
Log: Importing Defaults for ProductInventoryDrawerWnd
Log: Importing Defaults for ProductInventoryHelpHtmlWnd
Log: Importing Defaults for ProductInventoryWnd
Log: Importing Defaults for ProgressBox
Log: Importing Defaults for QuestAlarmWnd
Log: Importing Defaults for QuestBtnWnd
Log: Importing Defaults for QuestHTMLWnd
Log: Importing Defaults for QuestTreeDrawerWnd
Log: Importing Defaults for RadarMapWnd
Log: Importing Defaults for RadarOptionWnd
Log: Importing Defaults for RecipeBookWnd
Log: Importing Defaults for RecipeBuyListWnd
Log: Importing Defaults for RecipeBuyManufactureWnd
Log: Importing Defaults for RecipeManufactureWnd
Log: Importing Defaults for RecipeShopWnd
Log: Importing Defaults for RecipeTreeWnd
Log: Importing Defaults for RecommendBonusHelpHtmlWnd
Log: Importing Defaults for RecommendBonusWnd
Log: Importing Defaults for RefineryWnd
Log: Importing Defaults for RefOptionWnd
Log: Importing Defaults for RestartMenuWnd
Log: Importing Defaults for SaveLoadParty
Log: Importing Defaults for SceneEditorDrawerWnd
Log: Importing Defaults for SceneEditorSlideWnd
Log: Importing Defaults for SceneEditorWnd
Log: Importing Defaults for SelectDeliverWnd
Log: Importing Defaults for ShockExt
Log: Importing Defaults for ShopWnd
Log: Importing Defaults for ShortcutAssignWnd
Log: Importing Defaults for ShortcutWnd
Log: Importing Defaults for SiegeInfoWnd
Log: Importing Defaults for SkillCast
Log: Importing Defaults for SkillTrainClanTreeWnd
Log: Importing Defaults for SkillTrainInfoWnd
Log: Importing Defaults for SkillTrainListWnd
Log: Importing Defaults for SSAOWnd
Log: Importing Defaults for StatusWnd
Log: Importing Defaults for SummonedStatusWnd
Log: Importing Defaults for SummonedWnd
Log: Importing Defaults for SystemMenuWnd
Log: Importing Defaults for SystemTutorialBtnWnd
Log: Importing Defaults for SystemTutorialWnd
Log: Importing Defaults for TaliWnd
Log: Importing Defaults for TargetStatusWnd
Log: Importing Defaults for TeleportBookMarkDrawerWnd
Log: Importing Defaults for TeleportBookMarkWnd
Log: Importing Defaults for TestPos
Log: Importing Defaults for ToolTip
Log: Importing Defaults for TradeWnd
Log: Importing Defaults for TutorialBtnWnd
Log: Importing Defaults for TutorialViewerWnd
Log: Importing Defaults for UIEditor_ControlManager
Log: Importing Defaults for UIEditor_DocumentInfo
Log: Importing Defaults for UIEditor_FileManager
Log: Importing Defaults for UIEditor_PropertyController
Log: Importing Defaults for UIEditor_Worksheet
Log: Importing Defaults for UIToolWnd
Log: Importing Defaults for UnionDetailWnd
Log: Importing Defaults for UnionMatchDrawerWnd
Log: Importing Defaults for UnionWnd
Log: Importing Defaults for UniversalToolTip
Log: Importing Defaults for UnrefineryWnd
Log: Importing Defaults for UserPetitionWnd
Log: Importing Defaults for WarMemberWarning
Log: Importing Defaults for WeatherWnd
Log: Importing Defaults for XMasSealWnd
Log: Importing Defaults for ZoneTitleWnd
Log: Importing Defaults for AITimerWnd
Log: Importing Defaults for BenchMarkMenuWnd
Log: Importing Defaults for BlockCounter
Log: Importing Defaults for BlockCurTriggerWnd
Log: Importing Defaults for BlockCurWnd
Log: Importing Defaults for BoardWnd
Log: Importing Defaults for ChatFilterWnd
Log: Importing Defaults for ClanWnd
Log: Importing Defaults for GMClanWnd
Log: Importing Defaults for CleftCounter
Log: Importing Defaults for CleftCurTriggerWnd
Log: Importing Defaults for CleftCurWnd
Log: Importing Defaults for CleftEnterWnd
Log: Importing Defaults for CouponEventWnd
Log: Importing Defaults for DetailStatusWnd
Log: Importing Defaults for GMDetailStatusWnd
Log: Importing Defaults for FlightShipCtrlWnd
Log: Importing Defaults for FlightTeleportWnd
Log: Importing Defaults for FlightTransformCtrlWnd
Log: Importing Defaults for GametipWnd
Log: Importing Defaults for GuideWnd
Log: Importing Defaults for HelpHtmlWnd
Log: Importing Defaults for HennaInfoWnd
Log: Importing Defaults for HeroTowerWnd
Log: Importing Defaults for InviteClanPopWnd
Log: Importing Defaults for KillpointCounterWnd
Log: Importing Defaults for KillpointRankTrigger
Log: Importing Defaults for KillPointRankWnd
Log: Importing Defaults for LoadingAniWnd
Log: Importing Defaults for LoadingWnd
Log: Importing Defaults for LoadingWnd_cn
Log: Importing Defaults for LoadingWnd_e
Log: Importing Defaults for LoadingWnd_j
Log: Importing Defaults for LoadingWnd_k
Log: Importing Defaults for LoadingWnd_ph
Log: Importing Defaults for LoadingWnd_ru
Log: Importing Defaults for LoadingWnd_th
Log: Importing Defaults for LoadingWnd_tw
Log: Importing Defaults for MiniGame1Wnd
Log: Importing Defaults for OlympiadControlWnd
Log: Importing Defaults for OlympiadTargetWnd
Log: Importing Defaults for OnScreenMessageWnd
Log: Importing Defaults for PartyMatchMakeRoomWnd
Log: Importing Defaults for PartyWndOption
Log: Importing Defaults for PVPCounter
Log: Importing Defaults for PVPCounterTrigger
Log: Importing Defaults for PVPDetailedWnd
Log: Importing Defaults for QuestListWnd
Log: Importing Defaults for ReplayListWnd
Log: Importing Defaults for ReplayLogoWnd
Log: Importing Defaults for ReplayLogoWnd_cn
Log: Importing Defaults for ReplayLogoWnd_e
Log: Importing Defaults for ReplayLogoWnd_j
Log: Importing Defaults for ReplayLogoWnd_k
Log: Importing Defaults for ReplayLogoWnd_ph
Log: Importing Defaults for ReplayLogoWnd_ru
Log: Importing Defaults for ReplayLogoWnd_th
Log: Importing Defaults for ReplayLogoWnd_tw
Log: Importing Defaults for ShaderBuild
Log: Importing Defaults for Shortcut
Log: Importing Defaults for SSQMainBoard
Log: Importing Defaults for SystemMsgWnd
Log: Importing Defaults for TownMapWnd
Log: Success: Compiled 223136 line(s), 19299 statement(s).

Log: Unreal file tag: -1641380927
Log: Unreal file tag: -1641380927
Log: Save=235.623460
Log: Moving 'Save.tmp' to 'Interface.u'
Heading: -----------------------LineageEffect - Release------------------------
Warning: Failed to load 'LineageEffect.u': Can't find file 'LineageEffect.u'
Warning: Failed loading package: Can't find file 'LineageEffect.u'
Log: Analyzing...
Critical: Can't find files matching ..\LineageEffect\Classes\*.uc
Exit: Executing UObject::StaticShutdownAfterError
Critical: UMakeCommandlet::Main
Exit: Exiting.
Log: Waiting for file streaming thread to finish...
Init: CPU FP precision changed from 53 to 64-bit
Uninitialized: Name subsystem shut down
Uninitialized: Log file closed, 10/01/26 21:43:39
